Version,Version Code,Release Date,Archived?,Minimum SDK,Target SDK,Notes,Link,
1.0,1,05/29/2014,Yes,API 15,API 15,The first public Roblox Android version.,https://archive.org/download/com.roblox.client/com.roblox.roblox_client-1-1.0-minSdk15-targetSdk15.apk,
2.153.47250,4,06/05/2014,Yes,API 15,API 15,,https://archive.org/download/com.roblox.client/com.roblox.roblox_client-4-2.153.47250-minSdk15-targetSdk15.apk,
2.154.47738,2,06/17/2014,Yes,API 15,API 19,"Roblox changed the package name from ""com.roblox.roblox_client"" to ""com.roblox.roblox"", therefore the version code went back.",https://archive.org/download/com.roblox.client/com.roblox.client-0002-2.154.47738-minSdk15-targetSdk19.apk,
2.155.47886,4,06/26/2014,Yes,API 15,API 19,,https://drive.google.com/file/d/1hysn1kjoaxQ-NWy8lhCodReKRt12l9ZN/view?usp=sharing,
2.158.48436,6,07/07/2014,Yes,API 15,API 19,,https://drive.google.com/file/d/1Dt53-MyXl-iyid6GdkXOvJBV7TPC1EGs/view?usp=sharing,
2.158.48833,7,07/11/2014,Yes,API 15,API 19,,https://drive.google.com/file/d/17aTFWxZmEZl9krqiMfIgH3zHl7ppviIV/view?usp=sharing,
2.158.48846,8,07/14/2014,Yes,API 15,API 19,,https://drive.google.com/file/d/1LLQPyFSrsY1ydxiYqIKj38TZxF4eYa9x/view?usp=sharing,
2.158.48927,9,07/15/2014,Yes,API 15,API 19,,https://drive.google.com/file/d/1xY3bAmMGPL_oQxUeDc2MGkON9fTsVbry/view?usp=sharing,
2.158.48944,10,07/17/2014,Yes,API 15,API 19,,https://www.mediafire.com/file/at1w2ywktp6use3/ROBLOX_2.158.48944.apk/file,
2.161.49588,12,07/30/2014,Yes,API 15,API 19,,https://www.mediafire.com/file/hlo3tyk4gpep1zx/ROBLOX_2.161.49588.apk/file,
2.162.49770,13,08/07/2014,Yes,API 15,API 19,,https://www.mediafire.com/file/ktlea11wr8xlqud/ROBLOX+2.162.49770.apk/file,
2.163.50106,14,08/18/2014,Yes,API 15,API 19,,https://archive.org/download/com.roblox.client/com.roblox.client-0014-2.163.50106-minSdk15-targetSdk19.apk,
2.164.50577,15,08/21/2014,Yes,API 15,API 19,,https://archive.org/download/com.roblox.client/com.roblox.client-0015-2.164.50577-minSdk15-targetSdk19.apk,
2.164.50577.1,16,08/22/2014,Yes,API 15,API 19,,https://www.mediafire.com/file/dvyflyhc65wchpc/ROBLOX+2.164.50577.1.apk/file,
2.165.50938,17,08/28/2014,Yes,API 15,API 19,,https://www.mediafire.com/file/o8adz29v5cota92/ROBLOX+2.165.50938.apk/file,
2.166.50996,18,09/04/2014,Yes,API 15,API 19,,https://www.mediafire.com/file/0ddasdrr3pudzix/ROBLOX+2.166.50996.apk/file,
2.167.51261,19,09/15/2014,Yes,API 15,API 19,,https://www.mediafire.com/file/1guzvcjymkl603y/ROBLOX+2.167.51261.apk/file,
2.170.52223,20,10/02/2014,Yes,API 15,API 19,,https://www.mediafire.com/file/4xjupfcvz7epn92/ROBLOX_2.170.52223.apk/file,
2.99.9,21,10/20/2014,Yes,API 15,API 19,,https://archive.org/download/com.roblox.client/com.roblox.client-0021-2.99.99-minSdk15-targetSdk19.apk,
2.172.52734,22,10/20/2014,Yes,API 15,API 19,,https://archive.org/download/com.roblox.client/com.roblox.client-0022-2.172.52734-minSdk15-targetSdk19.apk,
2.174.53367,23,10/30/2014,Yes,API 15,API 19,,https://www.mediafire.com/file/2hgcogcyp1nilzq/ROBLOX_2.174.53367.apk/file,
2.176.53771,24,11/13/2014,Yes,API 15,API 19,,https://www.mediafire.com/file/4hg8wzx3oc5yswv/ROBLOX_2.176.53771.apk/file,
2.177.54327,25,12/08/2014,Yes,API 15,API 19,,https://archive.org/download/com.roblox.client/com.roblox.client-0025-2.177.54327-minSdk15-targetSdk19.apk,
2.178.54547,26,12/11/2014,Yes,API 15,API 19,,https://www.mediafire.com/file/65ed9d7w3tis0g5/ROBLOX_2.178.54547.apk/file,
2.179.54997,27,01/08/2015,Yes,API 15,API 19,,https://archive.org/download/com.roblox.client/com.roblox.client-0027-2.179.54997-minSdk15-targetSdk19.apk,
2.180.55224,29,01/15/2015,Yes,API 15,API 19,,https://www.mediafire.com/file/qz6zmbl87ygqfxd/ROBLOX_2.180.55224.apk/file,
2.181.55371,30,01/22/2015,Yes,API 15,API 19,,https://www.mediafire.com/file/3cz3l5vwufy7x0i/ROBLOX_2.181.55371.apk/file,
2.182.55797,31,01/29/2015,Yes,API 15,API 19,,https://archive.org/download/com.roblox.client/com.roblox.client-0031-2.182.55797-minSdk15-targetSdk19.apk,
2.183.55974,32,02/05/2015,Yes,API 15,API 19,,https://www.mediafire.com/file/56llkc32aoco6ff/ROBLOX_2.183.55974.apk/file,
2.184.56182,33,02/12/2015,Yes,API 15,API 19,,https://archive.org/download/com.roblox.client/com.roblox.client-0033-2.184.56182-minSdk15-targetSdk19.apk,
2.185.56634,34,02/23/2015,Yes,API 15,API 19,,https://archive.org/download/com.roblox.client/com.roblox.client-0034-2.185.56634-minSdk15-targetSdk19.apk,
2.186.56808,35,02/26/2015,Yes,API 15,API 19,,https://www.mediafire.com/file/esbkrs6pc07e92f/ROBLOX_2.186.56808.apk/file,
2.186.56930,36,02/27/2015,Yes,API 15,API 19,,https://www.mediafire.com/file/n95wdjbbvg17jxc/ROBLOX_2.186.56930.apk/file,
2.186.56998,37,03/03/2015,Yes,API 15,API 19,,https://www.mediafire.com/file/z6ap0d6rl04yepl/ROBLOX_2.186.56998.apk/file,
2.189.57585,38,03/20/2015,Yes,API 15,API 21,,https://www.mediafire.com/file/ywi0o7o6bdcar1p/ROBLOX_2.189.57585.apk/file,
2.190.57794,39,03/26/2015,Yes,API 15,API 21,,https://archive.org/download/com.roblox.client/com.roblox.client-0039-2.190.57794-minSdk15-targetSdk21.apk,
2.191.57924,40,04/02/2015,Yes,API 15,API 21,,https://www.mediafire.com/file/xa50pf1xbgx1v9y/ROBLOX_2.191.57924.apk/file,
2.192.58109,41,04/09/2015,Yes,API 15,API 21,,https://archive.org/download/com.roblox.client/com.roblox.client-0041-2.192.58109-minSdk15-targetSdk21.apk,
2.193.58819,42,04/23/2015,Yes,API 15,API 21,,https://www.mediafire.com/file/8xggsgooz8fb6n3/ROBLOX_2.193.58819.apk/file,
2.194.59050,43,04/30/2015,Yes,API 15,API 21,,https://www.mediafire.com/file/i58u6bjt14f4jm7/ROBLOX_2.194.59050.apk/file,
2.195.59286,44,05/07/2015,Yes,API 15,API 21,,https://www.mediafire.com/file/2dlojj6mwluun3j/ROBLOX_2.195.59286.apk/file,
2.196.59751,45,05/21/2015,Yes,API 15,API 21,,https://www.mediafire.com/file/mzj4cvzvb0lkhjo/ROBLOX_2.196.59751.apk/file,
2.197.60127,47,05/29/2015,Yes,API 15,API 21,,https://www.mediafire.com/file/ov3oc5v9ituyjkt/ROBLOX_2.197.60127.apk/file,
2.198.60320,49,06/04/2015,Yes,API 15,API 21,,https://www.mediafire.com/file/cy9z7hpsp2m9c2e/ROBLOX_2.198.60320.apk/file,
2.199.60486,50,06/11/2015,Yes,API 15,API 21,,https://www.mediafire.com/file/52xbnzf8zti3ygr/ROBLOX_2.199.60486.apk/file,
2.200.60733,51,06/18/2015,Yes,API 15,API 21,,https://www.mediafire.com/file/smhmlz9e4sgdm7a/ROBLOX_2.200.60733.apk/file,
2.201.60952,53,06/25/2015,Yes,API 15,API 21,,https://archive.org/download/com.roblox.client/com.roblox.client-0053-2.201.60952-minSdk15-targetSdk21.apk,
2.202.61121,55,07/06/2015,Yes,API 15,API 21,,https://archive.org/download/com.roblox.client/com.roblox.client-0055-2.202.61121-minSdk15-targetSdk21.apk,
2.203.61369,56,07/13/2015,Yes,API 15,API 21,,https://www.mediafire.com/file/00ccf44mmsdt6k2/ROBLOX_2.203.61369.apk/file,
2.204.61604,57,07/16/2015,Yes,API 15,API 21,,https://archive.org/download/com.roblox.client/com.roblox.client-0057-2.204.61604-minSdk15-targetSdk21.apk,
2.205.61876,58,07/24/2015,Yes,API 15,API 21,,https://www.mediafire.com/file/p1a1xsdxb8s1k1s/ROBLOX_2.205.61876.apk/file,
2.206.62132,60,08/03/2015,Yes,API 15,API 21,,https://archive.org/download/com.roblox.client/com.roblox.client-0060-2.206.62132-minSdk15-targetSdk21.apk,
2.207.62260,61,08/06/2015,Yes,API 15,API 21,,https://www.mediafire.com/file/2pbptz193xng5bk/ROBLOX_2.207.62260.apk/file,
2.208.62570,62,08/13/2015,Yes,API 15,API 21,,https://www.mediafire.com/file/7ghxl7wft1sb0vc/ROBLOX_v2.208.62570%252862%2529.apk/file,
2.209.62931,64,08/24/2015,Yes,API 15,API 21,,https://www.mediafire.com/file/rps8wbe59d1ijx9/ROBLOX_v2.209.62931%252864%2529.apk/file,
2.210.63085,65,08/27/2015,Yes,API 15,API 21,,https://www.mediafire.com/file/fwvfshz28g1uhbw/ROBLOX_2.210.63085.apk/file,
2.211.63329,66,09/03/2015,Yes,API 15,API 21,,https://www.mediafire.com/file/ivjdknts7e593ot/ROBLOX_2.211.63329.apk/file,
2.212.63487,67,09/10/2015,Yes,API 15,API 21,,https://www.mediafire.com/file/edzlm4oox42gei9/ROBLOX_2.212.63487.apk/file,
2.213.63994,68,09/18/2015,Yes,API 15,API 21,,https://www.mediafire.com/file/oxgv0r3cvz8bqhu/ROBLOX_v2.213.63994%252868%2529.apk/file,
2.214.64227,70,09/24/2015,Yes,API 15,API 21,,https://www.mediafire.com/file/e5jg1h3el1z2kcc/ROBLOX_v2.214.64227%252870%2529.apk/file,
2.215.64407,71,10/01/2015,Yes,API 15,API 21,,https://www.mediafire.com/file/a43upci9mph1z3u/ROBLOX_v2.215.64407%252871%2529.apk/file,
2.216.64662,72,10/08/2015,Yes,API 15,API 21,,https://www.mediafire.com/file/kacm95oce3guqg8/ROBLOX_v2.216.64662%252872%2529.apk/file,
2.217.64833,73,10/15/2015,Yes,API 15,API 21,,https://www.mediafire.com/file/19iowp52lumy0b7/ROBLOX_2.217.64833.apk/file,
2.218.65279,74,10/22/2015,Yes,API 15,API 21,,https://www.mediafire.com/file/fd1rh3ufo3ogyxk/ROBLOX_2.218.65279.apk/file,
2.219.65545,75,10/29/2015,Yes,API 15,API 21,,https://www.mediafire.com/file/8ovgkn8xqm9ekud/ROBLOX_2.219.65545.apk/file,
2.220.66026,76,11/09/2015,Yes,API 15,API 21,,https://www.mediafire.com/file/8a7nomt9aucw5bt/ROBLOX_2.220.66026.apk/file,
2.221.66284,78,11/12/2015,Yes,API 15,API 21,,https://www.mediafire.com/file/odnz5qfudegagsi/ROBLOX_2.221.66284.apk/file,
2.222.66426,79,11/19/2015,Yes,API 15,API 21,,https://www.mediafire.com/file/tzxmlsk4i1u3d9b/ROBLOX_2.222.66426.apk/file,
2.223.66938,80,12/07/2015,Yes,API 15,API 21,,https://www.mediafire.com/file/71kg0wmenxsuhvi/ROBLOX_2.223.66938_APKTrunk.apk/file,
2.225.67689,81,01/07/2016,Yes,API 15,API 21,,https://www.mediafire.com/file/svcbghxlm88uhe0/ROBLOX_2.225.67689.apk/file,
2.226.68062,82,01/14/2016,Yes,API 15,API 21,,https://www.mediafire.com/file/gmz4sv6yix6z8wz/ROBLOX_2.226.68062.apk/file,
2.228.68457,84,01/29/2016,Yes,API 15,API 21,,https://www.mediafire.com/file/y0cw7x62bzaaswo/ROBLOX_2.228.68457.apk/file,
2.232.69914,85,02/25/2016,Yes,API 15,API 21,,https://www.mediafire.com/file/fbusrjv5xdzi56s/ROBLOX_2.232.69914.apk/file,
2.234.70767,87,03/10/2016,Yes,API 15,API 21,,https://www.mediafire.com/file/6muxeqlnvtndjr6/ROBLOX_2.234.70767.apk/file,
2.235.71216,89,03/21/2016,Yes,API 15,API 21,,https://www.mediafire.com/file/aw81veszlfdd3gd/ROBLOX_2.235.71216.apk/file,
2.235.71216.1,92,03/25/2016,Yes,API 15,API 21,,https://www.mediafire.com/file/xnv9iappmdya6z4/com.roblox.client_2.235.71216.1.apk/file,
2.236.71425,90,03/30/2016,Yes,API 15,API 21,,https://www.mediafire.com/file/kb2vq4aem77pjl9/ROBLOX+2.236.71425.apk/file,
2.237.72017,94,04/05/2016,Yes,API 15,API 21,,https://www.mediafire.com/file/yauiddnqw63v6fv/ROBLOX_2.237.72017.apk/file,
2.237.72307,96,04/12/2016,Yes,API 15,API 21,,https://www.mediafire.com/file/7kblhs6tlignz07/ROBLOX+2.237.72307.apk/file,
2.237.72778,98,04/19/2016,Yes,API 15,API 21,,https://www.mediafire.com/file/8kznaxecsz35spw/ROBLOX_2.237.72778.apk/file,
2.242.73849,99,05/05/2016,Yes,API 15,API 21,,https://www.mediafire.com/file/1ofixhenpa06w0m/ROBLOX+2.242.73849.apk/file,
2.243.74247,104,05/17/2016,Yes,API 15,API 23,,https://www.mediafire.com/file/95yej33oiyrf1e3/ROBLOX+2.243.74247.apk/file,
2.245.75346,106,05/31/2016,Yes,API 15,API 23,,https://www.mediafire.com/file/hjqplfahxkenmtv/ROBLOX+2.245.75346.apk/file,
2.247.76338,113,06/08/2016,Yes,API 15,API 23,,https://www.mediafire.com/file/3lgq1etb78q4uth/ROBLOX_2.247.76338.apk/file,
2.249.77601,118,06/22/2016,Yes,API 15,API 23,,https://www.mediafire.com/file/y3rk6tdei7r5182/ROBLOX+2.249.77601.apk/file,
2.249.78460,121,06/29/2016,Yes,API 15,API 23,,https://www.mediafire.com/file/vlxhsl240mz3yl0/ROBLOX+2.249.78460.apk/file,
2.251.79153,123,07/06/2016,Yes,API 15,API 23,,https://www.mediafire.com/file/c1jcu6k2hjysnpz/com.roblox.client_2.251.78685.apk/file,
2.252.80145,126,07/18/2016,Yes,API 15,API 23,,https://www.mediafire.com/file/igwrodqihh8fujq/ROBLOX+2.252.80145.apk/file,
2.253.80605,128,07/21/2016,Yes,API 15,API 23,,https://www.mediafire.com/file/vjrc3gzw5mvybij/ROBLOX+2.253.80605.apk/file,
2.253.80951,129,07/26/2016,Yes,API 15,API 23,,https://www.mediafire.com/file/ngotg1zvskvc7lg/ROBLOX_v2.253.80951%2528129%2529.apk/file,
2.253.81505,131,07/29/2016,Yes,API 15,API 23,,https://www.mediafire.com/file/pm68whs5ozwc3yu/ROBLOX_2.253.81505.apk/file,
2.253.81854,132,08/02/2016,Yes,API 15,API 23,,https://www.mediafire.com/file/6kuq3brrviicnm0/ROBLOX+2.253.81854.apk/file,
2.253.82310,139,08/04/2016,Yes,API 15,API 23,,https://www.mediafire.com/file/9m24ryhvr3bkot9/com.roblox.client_2.253.82310.apk/file,
2.253.82470,141,08/05/2016,Yes,API 15,API 23,,https://www.mediafire.com/file/j942ga6gq3bh81h/ROBLOX+2.253.82470.apk/file,
2.257.84176,144,08/29/2016,Yes,API 15,API 24,,https://www.mediafire.com/file/484vaon41sjmzk0/ROBLOX_2.257.84176.apk/file,
2.258.85167,155,09/01/2016,Yes,API 15,API 24,,https://www.mediafire.com/file/rlc0nwtkmbkiy7j/ROBLOX_2.258.85167.apk/file,
2.259.85616,157,09/08/2016,Yes,API 16,API 24,,https://www.mediafire.com/file/nler1vp0s7uztp3/com.roblox.client_2.259.85616.apk/file,
2.259.85876,159,09/09/2016,Yes,API 16,API 24,,https://www.mediafire.com/file/yp50d2vo8rdpc8u/ROBLOX_2.259.85876.apk/file,
2.260.86230,162,09/15/2016,Yes,API 16,API 24,,https://www.mediafire.com/file/hxmiwihjz55y4bt/ROBLOX_2.260.86230.apk/file,
2.261.87131,165,09/22/2016,Yes,API 16,API 24,,https://www.mediafire.com/file/my3bi2htqsf6kgr/ROBLOX_2.261.87131.apk/file,
2.262.87765,169,09/29/2016,Yes,API 16,API 24,,https://www.mediafire.com/file/p5g7yxi9gbuxy5k/ROBLOX_2.262.87765.apk/file,
2.263.88838,171,10/07/2016,Yes,API 16,API 24,,https://www.mediafire.com/file/akjnklpx702o3h0/ROBLOX_2.263.88838.apk/file,
2.265.90347,175,10/19/2016,Yes,API 16,API 24,,https://www.mediafire.com/file/gykplzcfosgqnay/ROBLOX_2.265.90347.apk/file,
2.267.92281,177,10/31/2016,Yes,API 16,API 24,,https://www.mediafire.com/file/keg6i5ojmmu0d4v/ROBLOX_v2.267.92281%2528177%2529.apk/file,
2.268.93390,178,11/10/2016,Yes,API 16,API 24,,https://www.mediafire.com/file/l013fr7iob5th52/ROBLOX_v2.268.93390%2528178%2529.apk/file,
2.268.94268,179,11/11/2016,Yes,API 16,API 24,,https://www.mediafire.com/file/n2wxmotcvjgql7f/ROBLOX_v2.268.94268%2528179%2529.apk/file,
2.269.94916,180,11/16/2016,Yes,API 16,API 24,,https://www.mediafire.com/file/my0wahzcresfo4q/com.roblox.client_v2.269.94916-180_Android-4.1.apk/file,
2.270.96141,181,11/29/2016,Yes,API 16,API 24,,https://www.mediafire.com/file/4bt6ej8d8fh1t51/ROBLOX_v2.270.96141%2528181%2529.apk/file,
2.271.97572,182,12/06/2016,Yes,API 16,API 24,,https://www.mediafire.com/file/ldvf6egr420lvsh/ROBLOX_2.271.97572.apk/file,
2.274.100932,206,01/24/2017,Yes,API 16,API 24,,https://www.mediafire.com/file/sqsu49e450xj1te/ROBLOX_v2.274.100932%2528206%2529.apk/file,
2.275.102906,209,01/27/2017,Yes,API 16,API 24,,https://www.mediafire.com/file/f8u7scw0trlmbit/ROBLOX_2.275.102906.apk/file,
2.276.102913,210,01/30/2017,Yes,API 16,API 24,,https://www.mediafire.com/file/fexkdbppwf5xpz3/ROBLOX_2.276.102913.apk/file,
2.277.103968,211,02/08/2017,Yes,API 16,API 24,,https://www.mediafire.com/file/r7044hpohv1qory/ROBLOX+2.277.103968.apk/file,
2.278.104886,212,02/15/2017,Yes,API 16,API 24,,https://www.mediafire.com/file/7z833k32fxkv0lt/ROBLOX_2.278.104886.apk/file,
2.278.107012,215,02/24/2017,Yes,API 16,API 24,,https://www.mediafire.com/file/lj3m7oho6cvc9a8/ROBLOX+2.278.107012.apk/file,
2.280.107211,216,03/01/2017,Yes,API 16,API 24,,https://www.mediafire.com/file/xk59rpwmbt8c36n/ROBLOX+2.280.107211.apk/file,
2.281.108281,218,03/06/2017,Yes,API 16,API 24,,https://www.mediafire.com/file/usvi2qutvee52ac/ROBLOX_2.281.108281.apk/file,
2.281.109339,219,03/10/2017,Yes,API 16,API 24,,https://www.mediafire.com/file/bj9idjo44u3rwu3/ROBLOX+2.281.109339.apk/file,
2.282.109386,221,03/14/2017,Yes,API 16,API 24,,https://www.mediafire.com/file/1od1hokj9atgd3g/ROBLOX_v2.282.109386%2528221%2529.apk/file,
2.283.111404,225,03/22/2017,Yes,API 16,API 24,,https://www.mediafire.com/file/hei2j1q9kpl9s25/ROBLOX_v2.283.111404%2528225%2529.apk/file,
2.284.112222,227,03/29/2017,Yes,API 16,API 24,,https://www.mediafire.com/file/hv1mjggkk06yhmi/ROBLOX_2.284.112222.apk/file,
2.288.118571,237,04/26/2017,Yes,API 16,API 24,,https://www.mediafire.com/file/qvfnmyg1kw9xdbf/ROBLOX+2.288.118571.apk/file,
2.289.119787,239,05/01/2017,Yes,API 16,API 24,,https://www.mediafire.com/file/jj0fhiustcd4x8g/ROBLOX+2.289.119787.apk/file,
2.290.121286,241,05/09/2017,Yes,API 16,API 24,,https://www.mediafire.com/file/5sd29oqq43bp1c6/ROBLOX_2.290.121286.apk/file,
2.291.122484,246,05/16/2017,Yes,API 16,API 24,,https://www.mediafire.com/file/5nglht71y7yexkc/ROBLOX_v2.291.122484%2528246%2529.apk/file,
2.292.123974,248,05/22/2017,Yes,API 16,API 24,,https://www.mediafire.com/file/cegco18yj38wuk8/ROBLOX_v2.292.123974%2528248%2529.apk/file,
2.293.126074,250,05/31/2017,Yes,API 16,API 24,,https://www.mediafire.com/file/lj1m0uyyx2osxhb/ROBLOX_v2.293.126074%2528250%2529.apk/file,
2.294.126818,252,06/08/2017,Yes,API 16,API 24,,https://www.mediafire.com/file/1p3igmnu35f3q29/ROBLOX_v2.294.126818%2528252%2529.apk/file,
2.295.128953,254,06/12/2017,Yes,API 16,API 24,,https://www.mediafire.com/file/8hiyy3shxv43o5k/Roblox_2.295.128953.apk/file,
2.296.130595,256,06/22/2017,Yes,API 16,API 24,,https://www.mediafire.com/file/1kvf98qnqavc4jl/ROBLOX_v2.296.130595%2528256%2529.apk/file,
2.297.132847,258,06/27/2017,Yes,API 16,API 24,,https://www.mediafire.com/file/zfkb0ayexc7o980/ROBLOX_v2.297.132847%2528258%2529.apk/file,
2.299.137632,262,07/19/2017,Yes,API 16,API 24,,https://www.mediafire.com/file/q23arwu93csbqiu/ROBLOX_v2.299.137632%2528262%2529.apk/file,
2.300.138670,264,07/24/2017,Yes,API 16,API 24,,https://www.mediafire.com/file/u88jz9ox5b67zu9/ROBLOX_v2.300.138670%2528264%2529.apk/file,
2.301.140216,266,07/31/2017,Yes,API 16,API 24,,https://www.mediafire.com/file/4yj5mwrl35iidi4/ROBLOX_v2.301.140216%2528266%2529.apk/file,
2.302.142541,268,08/09/2017,Yes,API 16,API 24,,https://www.mediafire.com/file/ir25r3x96k6y3mf/ROBLOX_v2.302.142541%2528268%2529.apk/file,
2.303.144094,270,08/17/2017,Yes,API 16,API 24,,https://www.mediafire.com/file/f9futw42o4fk4v9/ROBLOX_v2.303.144094%2528270%2529.apk/file,
2.304.144954,272,08/21/2017,Yes,API 16,API 24,,https://www.mediafire.com/file/k8onopjefkxooti/ROBLOX_v2.304.144954%2528272%2529.apk/file,
2.305.145834,274,08/29/2017,Yes,API 16,API 24,,https://www.mediafire.com/file/lqgyelxywy34nde/ROBLOX.ver.2.305.145834.build.274.apk/file,
2.306.147943,276,09/05/2017,Yes,API 16,API 24,,https://www.mediafire.com/file/ct4wcgg0jjl2mf3/ROBLOX_v2.306.147943%2528276%2529.apk/file,
2.307.149194,278,09/13/2017,Yes,API 16,API 24,,https://www.mediafire.com/file/oqss0ujy2t9mdy9/ROBLOX_v2.307.149194%2528278%2529.apk/file,
2.307.150672,281,09/14/2017,Yes,API 16,API 24,,https://www.mediafire.com/file/eh65l98csxzqjf8/ROBLOX_v2.307.150672%2528281%2529.apk/file,
2.309.152426,287,09/26/2017,Yes,API 16,API 24,,https://www.mediafire.com/file/6cwl4nvqsw4zzri/ROBLOX_v2.309.152426%2528287%2529.apk/file,
2.309.154092,288,09/28/2017,Yes,API 16,API 24,,https://www.mediafire.com/file/x8eadmpnvwlps2d/ROBLOX_v2.309.154092%2528288%2529.apk/file,
2.310.155249,293,10/04/2017,Yes,API 16,API 24,,https://www.mediafire.com/file/75k5hvy5lly075e/ROBLOX_v2.310.155249%2528293%2529.apk/file,
2.311.156028,296,10/10/2017,Yes,API 16,API 24,,https://www.mediafire.com/file/mx6yqs0rergfurp/ROBLOX_v2.311.156028%2528296%2529.apk/file,
2.312.157448,299,10/16/2017,Yes,API 16,API 24,,https://www.mediafire.com/file/vzouecw1yrq2x0n/ROBLOX_v2.312.157448%2528299%2529.apk/file,
2.312.159399,300,10/20/2017,Yes,API 16,API 24,,https://www.mediafire.com/file/ijli5yoq5j76keb/ROBLOX_v2.312.159399%2528300%2529.apk/file,
2.313.159574,303,10/24/2017,Yes,API 16,API 24,,https://www.mediafire.com/file/qz9v2ydc8iacdaz/ROBLOX_v2.313.159574%2528303%2529.apk/file,
2.314.161197,306,10/30/2017,Yes,API 16,API 24,,https://www.mediafire.com/file/jm34ggvk1r2et0t/ROBLOX_v2.314.161197%2528306%2529.apk/file,
2.315.162548,309,11/05/2017,Yes,API 16,API 24,,https://www.mediafire.com/file/60x8g7zwaj9lfxp/ROBLOX_v2.315.162548%2528309%2529.apk/file,
2.316.164791,313,11/15/2017,Yes,API 16,API 22,,https://www.mediafire.com/file/7p41de08vzkrlae/ROBLOX+2.316.164791.apk/file,
2.317.167174,317,11/28/2017,Yes,API 16,API 24,,https://drive.google.com/file/d/1YOd8sCQRwgdpLxs3y1YewGUsE4GKnAVC/view?usp=drive_link,
2.318.170059,321,12/8/2017,Yes,API 16,API 24,,https://www.mediafire.com/file/zn80vehia0u68gk/ROBLOX_v2.318.170059%2528321%2529.apk/file,
2.320.173223,329,01/10/2018,Yes,API 16,API 24,,https://www.mediafire.com/file/mdl73invhoipyrc/ROBLOX_v2.320.173223%2528329%2529.apk/file,
2.321.174771,332,01/18/2018,Yes,API 16,API 24,,https://www.mediafire.com/file/31g6y09ok7wijb9/ROBLOX_v2.321.174771%2528332%2529.apk/file,
2.323.177760,338,01/31/2018,Yes,API 16,API 24,,https://www.mediafire.com/file/htprc10lww2snoz/ROBLOX_v2.323.177760%2528338%2529.apk/file,
2.323.178571,341,01/31/2018,Yes,API 16,API 24,,https://www.mediafire.com/file/rli51nvnw9cr2xp/ROBLOX_v2.323.178571%2528341%2529.apk/file,
2.324.180084,344,02/08/2018,Yes,API 16,API 24,,https://www.mediafire.com/file/tuwhtoxbfxw6kc0/ROBLOX_v2.324.180084%2528344%2529.apk/file,
2.325.181080,347,02/13/2018,Yes,API 16,API 24,,https://www.mediafire.com/file/1ez8nqi9k5e9lxo/ROBLOX_v2.325.181080%2528347%2529.apk/file,
2.326.182923,350,02/21/2018,Yes,API 16,API 24,,https://www.mediafire.com/file/q9yg58fuwq5hxdf/ROBLOX_v2.326.182923%2528350%2529.apk/file,
2.327.184963,356,02/27/2018,Yes,API 16,API 24,,https://www.mediafire.com/file/zb895e2qttg7j7p/ROBLOX_v2.327.184963%2528356%2529.apk/file,
2.327.186229,359,03/02/2018,Yes,API 16,API 24,,https://www.mediafire.com/file/m3b4iwn7d80a2q7/ROBLOX_v2.327.186229%2528359%2529.apk/file,
2.328.186191,362,03/05/2018,Yes,API 16,API 24,,https://www.mediafire.com/file/mgj8b5ykyb9kga4/com.roblox.client-2.328.186191.apk/file,
2.329.187788,365,03/13/2018,Yes,API 16,API 24,,https://www.mediafire.com/file/j9y13708v1uoi8g/ROBLOX_v2.329.187788%2528365%2529.apk/file,
2.330.189424,368,03/22/2018,Yes,API 16,API 27,,https://www.mediafire.com/file/1akcyd07oer2ugr/ROBLOX_v2.330.189424%2528368%2529.apk/file,
2.331.191385,371,03/26/2018,Yes,API 16,API 27,,https://www.mediafire.com/file/xju4rz97nep8ey1/com.roblox.client-2.331.191385.apk/file,
2.332.192405,374,03/30/2018,Yes,API 16,API 27,,https://www.mediafire.com/file/qp6lg8rmcfhcytd/ROBLOX_v2.332.192405%2528374%2529.apk/file,
2.333.193563,377,04/10/2018,Yes,API 16,API 27,,https://www.mediafire.com/file/atadl6fiaval8qe/ROBLOX_v2.333.193563%2528377%2529.apk/file,
2.334.196825,383,04/18/2018,Yes,API 16,API 27,,https://www.mediafire.com/file/xxhbljqtjakuotg/ROBLOX_v2.334.196825%2528383%2529.apk/file,
2.335.197912,386,04/25/2018,Yes,API 16,API 27,,https://www.mediafire.com/file/hj8u7ata2fnotpq/ROBLOX_v2.335.197912%2528386%2529.apk/file,
2.336.201147,395,05/04/2018,Yes,API 16,API 27,,https://www.mediafire.com/file/6vdsgkg677vd66y/ROBLOX_v2.336.201147%2528395%2529.apk/file,
2.337.201523,398,05/11/2018,Yes,API 16,API 27,,https://www.mediafire.com/file/11d6l2pcy4fvnqp/ROBLOX_v2.337.201523%2528398%2529.apk/file,
2.338.202976,401,05/22/2018,Yes,API 16,API 27,,https://www.mediafire.com/file/f4e1lqc17ql363t/ROBLOX_v2.338.202976%2528401%2529.apk/file,
2.339.206352,404,05/29/2018,Yes,API 16,API 27,,https://www.mediafire.com/file/x3lv48dqznb573i/ROBLOX_v2.339.206352%2528404%2529.apk/file,
2.339.208477,405,05/30/2018,Yes,API 16,API 27,,https://www.mediafire.com/file/oha0bretjk4zjet/ROBLOX_v2.339.208477%2528405%2529.apk/file,
2.340.207129,407,06/05/2018,Yes,API 16,API 27,,https://www.mediafire.com/file/lv8e504t64h3y36/ROBLOX_v2.340.207129%2528407%2529.apk/file,
2.340.210615,408,06/06/2018,Yes,API 16,API 27,,https://www.mediafire.com/file/64kvki4kkyn76bi/ROBLOX_v2.340.210615%2528408%2529.apk/file,
2.341.208519,410,06/11/2018,Yes,API 16,API 27,,https://www.mediafire.com/file/jwie8j3h8zbj3xl/ROBLOX_v2.341.208519%2528410%2529.apk/file,
2.342.212340,413,06/15/2018,Yes,API 16,API 27,,https://www.mediafire.com/file/bkg4x47ee8r4qtp/Roblox_2.342.apk/file,
2.343.213411,414,06/22/2018,Yes,API 16,API 27,,https://www.mediafire.com/file/bi2w0jeyv3jbknv/ROBLOX_v2.343.213411%2528414%2529.apk/file,
2.344.215411,416,06/30/2018,Yes,API 16,API 27,,https://www.mediafire.com/file/pulevxzlfth3tol/ROBLOX_v2.344.215411%2528416%2529.apk/file,
2.345.219036,420,07/13/2018,Yes,API 16,API 27,,https://www.mediafire.com/file/krzayhqcuwjtdd5/ROBLOX_v2.345.219036%2528420%2529.apk/file,
2.346.222214,423,07/19/2018,Yes,API 16,API 27,,https://www.mediafire.com/file/jg4oyt9mp2i9b56/ROBLOX_v2.346.222214%2528423%2529.apk/file,
2.347.225742,426,07/26/2018,Yes,API 16,API 27,,https://www.mediafire.com/file/wvlew0ncabusl9n/ROBLOX_v2.347.225742%2528426%2529.apk/file,
2.348.228302,429,08/06/2018,Yes,API 16,API 27,,https://www.mediafire.com/file/n22kirwff2zwnzw/ROBLOX_v2.348.228302%2528429%2529.apk/file,
2.349.230330,432,08/10/2018,Yes,API 16,API 27,,https://www.mediafire.com/file/65jgpq6tc35rb7m/ROBLOX_v2.349.230330%2528432%2529.apk/file,
2.350.231118,435,08/17/2018,Yes,API 16,API 27,,https://www.mediafire.com/file/06olydxgcj3ofg4/ROBLOX_v2.350.231118%2528435%2529.apk/file,
2.351.232950,438,08/23/2018,Yes,API 16,API 27,,https://www.mediafire.com/file/he8368w6zppuwln/ROBLOX_v2.351.232950%2528438%2529.apk/file,
2.352.235677,441,08/29/2018,Yes,API 16,API 27,,https://www.mediafire.com/file/n5zudzbnh5ecx96/ROBLOX_v2.352.235677%2528441%2529.apk/file,
2.353.236588,442,09/05/2018,Yes,API 16,API 27,,https://www.mediafire.com/file/z7noqxker9dgt6p/ROBLOX_v2.353.236588%2528442%2529.apk/file,
2.354.238701,445,09/12/2018,Yes,API 16,API 27,,https://www.mediafire.com/file/wha8pcvpffl32ac/ROBLOX_v2.354.238701%2528445%2529.apk/file,
2.355.241665,449,09/21/2018,Yes,API 16,API 27,,https://www.mediafire.com/file/00ltfqzbklf9sif/ROBLOX_v2.355.243337%2528449%2529.apk/file,
2.355.243337,448,09/25/2018,Yes,API 16,API 27,,https://www.mediafire.com/file/l2kb6bdpiw8xo8u/Roblox_2.355.241665.apk/file,
2.356.243365,451,09/26/2018,Yes,API 16,API 27,,https://www.mediafire.com/file/7ifdm3uz3q91qfe/Roblox_2.356.243365.apk/file,
2.357.244916,454,10/03/2018,Yes,API 16,API 27,,https://www.mediafire.com/file/u6srufq9tpgiahz/Roblox_2.357.244916.apk/file,
2.358.248937,458,10/12/2018,Yes,API 16,API 27,,https://www.mediafire.com/file/xhivb1686k2rmka/ROBLOX_v2.358.248937%2528458%2529.apk/file,
2.359.249529,461,10/18/2018,Yes,API 16,API 27,,https://www.mediafire.com/file/kkf3lzarpv5s2d7/Roblox_2.359.249529.apk/file,
2.360.253064,465,10/25/2018,Yes,API 16,API 27,,https://www.mediafire.com/file/j7qkhtg3yh5ogtz/Roblox_2.360.253064.apk/file,
2.361.254464,468,10/30/2018,Yes,API 16,API 27,,https://www.mediafire.com/file/2bud3u64czbtpht/Roblox_2.361.254464.apk/file,
2.362.255825,471,11/7/2018,Yes,API 16,API 27,,https://www.mediafire.com/file/09w3liliezr8ri0/Roblox_2.362.255825.apk/file,
2.363.258465,474,11/16/2018,Yes,API 19,API 27,,https://www.mediafire.com/file/s927l7deq5fgh1i/ROBLOX_v2.363.258465%2528474%2529.apk/file,
2.364.262407,477,12/02/2018,Yes,API 19,API 27,,https://www.mediafire.com/file/qx8sv47wpxmlhub/Roblox_2.364.262407.apk/file,
2.365.265265,480,12/06/2018,Yes,API 19,API 27,,https://www.mediafire.com/file/m5omtgfvmneq0ol/Roblox_2.365.265265.apk/file,
2.366.266498,483,12/11/2018,Yes,API 19,API 27,,https://www.mediafire.com/file/03fnlem7i7s52bq/Roblox_2.366.266498.apk/file,
2.367.269925,487,01/13/2019,Yes,API 19,API 27,,https://www.mediafire.com/file/237n16gj8cltr8p/ROBLOX_v2.367.269925%2528487%2529.apk/file,
2.368.271958,490,01/17/2019,Yes,API 19,API 27,,https://www.mediafire.com/file/kusu3i7gxtbo25o/ROBLOX_v2.368.271958%2528490%2529.apk/file,
2.369.273919,493,01/23/2019,Yes,API 19,API 27,,https://www.mediafire.com/file/f9u6qiegpcbcibg/ROBLOX_v2.369.273919%2528493%2529.apk/file,
2.370.276771,499,02/05/2019,Yes,API 19,API 27,,https://www.mediafire.com/file/5gh3lmc14zpzcw4/ROBLOX_v2.370.276771%2528499%2529.apk/file,
2.371.276568,500,02/07/2019,Yes,API 19,API 27,,https://www.mediafire.com/file/5pmdycicgk6lx5l/ROBLOX_v2.371.276568%2528500%2529.apk/file,
2.372.278233,503,02/19/2019,Yes,API 19,API 27,,https://www.mediafire.com/file/k6vdglhc8lb21el/ROBLOX_v2.372.278233%2528503%2529.apk/file,
2.373.280591,506,02/25/2019,Yes,API 19,API 27,,https://www.mediafire.com/file/shjpta0t5i2mkrt/ROBLOX_v2.373.280591%2528506%2529.apk/file,
2.374.282978,509,02/26/2019,Yes,API 19,API 27,,https://www.mediafire.com/file/46mqrn5ucnvfgxo/ROBLOX_v2.374.282978%2528509%2529.apk/file,
2.375.284048,512,03/09/2019,Yes,API 19,API 27,,https://www.mediafire.com/file/2te14im5cg9emuy/ROBLOX_v2.375.284048%2528512%2529.apk/file,
2.376.286907,515,03/14/2019,Yes,API 19,API 27,,https://www.mediafire.com/file/ufgjx9nuzsdhkhh/ROBLOX_v2.376.286907%2528515%2529.apk/file,
2.377.288550,518,03/21/2019,Yes,API 19,API 27,,https://www.mediafire.com/file/tx258s2gwakzoau/ROBLOX_v2.377.288550%2528518%2529.apk/file,
2.378.290058,521,04/01/2019,Yes,API 19,API 27,,https://www.mediafire.com/file/toxom3s4dore7bh/ROBLOX_v2.378.290058%2528521%2529.apk/file,
2.379.292444,524,04/08/2019,Yes,API 19,API 27,,https://www.mediafire.com/file/ne47s7s77tcu1zx/ROBLOX_v2.379.292444%2528524%2529.apk/file,
2.379.295802,525,04/13/2019,Yes,API 19,API 27,,https://www.mediafire.com/file/00yr4nnxq5fwk0g/ROBLOX_v2.379.295802%2528525%2529.apk/file,
2.381.295409,528,04/17/2019,Yes,API 19,API 27,,https://www.mediafire.com/file/2pix79tqhd4jzkp/ROBLOX_v2.381.295409%2528528%2529.apk/file,
2.381.297816,529,04/22/2019,Yes,API 19,API 27,,https://www.mediafire.com/file/2qcy4tw7zmf7fke/ROBLOX_v2.381.297816%2528529%2529.apk/file,
2.382.297104,530,04/30/2019,Yes,API 19,API 27,,https://www.mediafire.com/file/uvkny9uez1qu3f9/ROBLOX_v2.382.297104%2528530%2529.apk/file,
2.383.299732,536,05/02/2019,Yes,API 19,API 27,,https://www.mediafire.com/file/wo96e4ub282xytq/ROBLOX_v2.383.299732%2528536%2529.apk/file,
2.384.302309,540,05/12/2019,Yes,API 19,API 27,,https://www.mediafire.com/file/hdo82uasumclpeb/ROBLOX_v2.384.302309%2528540%2529.apk/file,
2.385.303034,543,05/16/2019,Yes,API 19,API 27,,https://www.mediafire.com/file/ehnyxzeabfhokzy/ROBLOX_v2.385.303034%2528543%2529.apk/file,
2.387.306142,546,05/30/2019,Yes,API 19,API 27,,https://www.mediafire.com/file/sl8d8pt7rivqd97/ROBLOX_v2.387.306142%2528546%2529.apk/file,
2.388.307917,549,06/05/2019,Yes,API 19,API 27,,https://www.mediafire.com/file/xuffo5wr3yg3rhi/ROBLOX_v2.388.307917%2528549%2529.apk/file,
2.389.310791,560,06/19/2019,Yes,API 19,API 27,Last version to be a singular APK file,https://www.mediafire.com/file/j3dv41oy79mzobl/ROBLOX_v2.389.310791%2528560%2529.apk/file,
2.390.312659,563,06/19/2019,Yes,API 19,API 27,First version to offer split APK,https://archive.org/download/ultimaterobloxmobilearchive/Android/2019/ROBLOX_v2.390.312659(563)/,
2.391.313677,573,06/25/2019,Yes,API 19,API 27,,https://archive.org/download/ultimaterobloxmobilearchive/Android/2019/ROBLOX_v2.391.313677(573)/,
2.392.317745,576,07/09/2019,Yes,API 19,API 27,First build with armv8/arm64 split,https://archive.org/download/ultimaterobloxmobilearchive/Android/2019/ROBLOX_v2.392.317745(576)/,
2.392.320759,579,07/17/2019,Yes,API 19,API 27,,https://archive.org/download/ultimaterobloxmobilearchive/Android/2019/ROBLOX_v2.392.320759(579)/,
2.393.320710,582,07/19/2019,Yes,API 19,API 27,,https://archive.org/download/ultimaterobloxmobilearchive/Android/2019/ROBLOX_v2.393.320710(582)/,
2.394.322464,585,07/24/2019,Yes,API 19,API 27,,https://archive.org/download/ultimaterobloxmobilearchive/Android/2019/ROBLOX_v2.394.322464(585)/,
2.395.324413,588,08/02/2019,Yes,API 19,API 28,,https://archive.org/download/ultimaterobloxmobilearchive/Android/2019/ROBLOX_v2.395.324413(588)/,
2.396.327208,591,08/07/2019,Yes,API 19,API 28,,https://archive.org/download/ultimaterobloxmobilearchive/Android/2019/ROBLOX_v2.396.327208(591)/,
2.397.329586,594,08/14/2019,Yes,API 19,API 28,,https://archive.org/download/ultimaterobloxmobilearchive/Android/2019/ROBLOX_v2.397.329586(594)/,
2.398.332127,597,08/20/2019,Yes,API 19,API 28,,https://archive.org/download/ultimaterobloxmobilearchive/Android/2019/ROBLOX_v2.398.332127(597)/,
2.399.334382,602,09/03/2019,Yes,API 19,API 28,,https://archive.org/download/ultimaterobloxmobilearchive/Android/2019/ROBLOX_v2.399.334382(602)/,
2.401.338533,607,09/10/2019,Yes,API 19,API 28,,https://archive.org/download/ultimaterobloxmobilearchive/Android/2019/ROBLOX_v2.401.338533(607)/,
2.403.344044,610,09/24/2019,Yes,API 19,API 28,,https://archive.org/download/ultimaterobloxmobilearchive/Android/2019/ROBLOX_v2.403.344044(610)/,
2.404.348605,616,10/04/2019,Yes,API 19,API 28,,https://archive.org/download/ultimaterobloxmobilearchive/Android/2019/ROBLOX_v2.404.348605(616)/,
2.405.348617,622,10/09/2019,Yes,API 19,API 28,,https://archive.org/download/ultimaterobloxmobilearchive/Android/2019/ROBLOX_v2.405.348617(622)/,
2.405.351691,625,10/15/2019,Yes,API 19,API 28,,https://archive.org/download/ultimaterobloxmobilearchive/Android/2019/ROBLOX_v2.405.351691(625)/,
2.406.352238,628,10/16/2019,Yes,API 19,API 28,,https://archive.org/download/ultimaterobloxmobilearchive/Android/2019/ROBLOX_v2.406.352238(628)/,
2.407.353595,631,10/22/2019,Yes,API 19,API 28,,https://archive.org/download/ultimaterobloxmobilearchive/Android/2019/ROBLOX_v2.407.353595(631)/,
2.408.355772,634,10/29/2019,Yes,API 19,API 28,,https://archive.org/download/ultimaterobloxmobilearchive/Android/2019/ROBLOX_v2.408.355772(634)/,
2.409.358770,637,11/6/2019,Yes,API 19,API 28,,https://archive.org/download/ultimaterobloxmobilearchive/Android/2019/ROBLOX_v2.409.358770(637)/,
2.410.360448,640,11/12/2019,Yes,API 19,API 28,,https://archive.org/download/ultimaterobloxmobilearchive/Android/2019/ROBLOX_v2.410.360448(640)/,
2.410.363504,643,11/18/2019,Yes,API 19,API 28,,https://archive.org/download/ultimaterobloxmobilearchive/Android/2019/ROBLOX_v2.410.363504(643)/,
2.411.364317,649,11/20/2019,Yes,API 19,API 28,,https://archive.org/download/ultimaterobloxmobilearchive/Android/2019/ROBLOX_v2.411.364317(649)/,
2.412.365788,652,12/04/2019,Yes,API 19,API 28,,https://archive.org/download/ultimaterobloxmobilearchive/Android/2019/ROBLOX_v2.412.365788(652)/,
2.412.368745,655,12/9/2019,Yes,API 19,API 28,,https://archive.org/download/ultimaterobloxmobilearchive/Android/2019/ROBLOX_v2.412.368745(655)/,
2.413.370526,659,12/17/2019,Yes,API 19,API 28,,https://archive.org/download/ultimaterobloxmobilearchive/Android/2019/ROBLOX_v2.413.370526(659)/,
2.414.371885,665,01/03/2020,Yes,API 19,API 28,,https://archive.org/download/ultimaterobloxmobilearchive/Android/2020/ROBLOX_v2.414.371885(665)/,
2.415.373700,668,01/10/2020,Yes,API 19,API 28,,https://archive.org/download/ultimaterobloxmobilearchive/Android/2020/ROBLOX_v2.415.373700(668)/,
2.416.375447,671,01/17/2020,Yes,API 19,API 28,,https://archive.org/download/ultimaterobloxmobilearchive/Android/2020/ROBLOX_v2.416.375447(671)/,
2.417.376966,674,01/23/2020,Yes,API 19,API 28,,https://archive.org/download/ultimaterobloxmobilearchive/Android/2020/ROBLOX_v2.417.376966(674)/,
2.418.380321,686,02/04/2020,Yes,API 19,API 28,,https://archive.org/download/ultimaterobloxmobilearchive/Android/2020/ROBLOX_v2.418.380321(686)/,
2.419.381237,689,02/06/2020,Yes,API 19,API 28,,https://archive.org/download/ultimaterobloxmobilearchive/Android/2020/ROBLOX_v2.419.381237(689)/,
2.420.383621,692,02/14/2020,Yes,API 19,API 28,,https://archive.org/download/ultimaterobloxmobilearchive/Android/2020/ROBLOX_v2.420.383621(692)/,
2.421.385673,698,02/21/2020,Yes,API 19,API 28,,https://archive.org/download/ultimaterobloxmobilearchive/Android/2020/ROBLOX_v2.421.385673(698)/,
2.422.387564,701,02/27/2020,Yes,API 19,API 28,,https://archive.org/download/ultimaterobloxmobilearchive/Android/2020/ROBLOX_v2.422.387564(701)/,
2.424.392804,707,03/16/2020,Yes,API 19,API 28,,https://archive.org/download/ultimaterobloxmobilearchive/Android/2020/ROBLOX_v2.424.392804(707)/,
2.426.397176,714,03/30/2020,Yes,API 19,API 28,,https://archive.org/download/ultimaterobloxmobilearchive/Android/2020/ROBLOX_v2.426.397176(714)/,
2.427.399257,717,04/03/2020,Yes,API 19,API 28,,https://archive.org/download/ultimaterobloxmobilearchive/Android/2020/ROBLOX_v2.427.399257(717)/,
2.428.401006,720,04/14/2020,Yes,API 19,API 28,,https://archive.org/download/ultimaterobloxmobilearchive/Android/2020/ROBLOX_v2.428.401006(720)/,
2.429.403252,723,04/19/2020,Yes,API 19,API 28,,https://archive.org/download/ultimaterobloxmobilearchive/Android/2020/ROBLOX_v2.429.403252(723)/,
2.430.404093,726,04/23/2020,Yes,API 19,API 28,,https://archive.org/download/ultimaterobloxmobilearchive/Android/2020/ROBLOX_v2.430.404093(726)/,
2.431.404520,729,05/01/2020,Yes,API 19,API 28,,https://archive.org/download/ultimaterobloxmobilearchive/Android/2020/ROBLOX_v2.431.404520(729)/,
2.432.404806,735,05/11/2020,Yes,API 19,API 28,,https://archive.org/download/ultimaterobloxmobilearchive/Android/2020/ROBLOX_v2.432.404806(735)/,
2.433.405142,738,05/15/2020,Yes,API 19,API 28,,https://archive.org/download/ultimaterobloxmobilearchive/Android/2020/ROBLOX_v2.433.405142(738)/,
2.434.405561,741,05/26/2020,Yes,API 19,API 28,,https://archive.org/download/ultimaterobloxmobilearchive/Android/2020/ROBLOX_v2.434.405561(741)/,
2.435.406105,747,06/02/2020,Yes,API 19,API 28,,https://archive.org/download/ultimaterobloxmobilearchive/Android/2020/ROBLOX_v2.435.406105(747)/,
2.436.406463,753,06/05/2020,Yes,API 19,API 28,,https://archive.org/download/ultimaterobloxmobilearchive/Android/2020/ROBLOX_v2.436.406463(753)/,
2.437.406827,756,06/12/2020,Yes,API 19,API 28,,https://archive.org/download/ultimaterobloxmobilearchive/Android/2020/ROBLOX_v2.437.406827(756)/,
2.438.407206,759,06/19/2020,Yes,API 19,API 28,,https://archive.org/download/ultimaterobloxmobilearchive/Android/2020/ROBLOX_v2.438.407206(759)/,
2.439.407706,762,07/06/2020,Yes,API 19,API 28,,https://archive.org/download/ultimaterobloxmobilearchive/Android/2020/ROBLOX_v2.439.407706(762)/,
2.440.408152,765,07/10/2020,Yes,API 19,API 28,,https://archive.org/download/ultimaterobloxmobilearchive/Android/2020/ROBLOX_v2.440.408152(765)/,
2.441.408614,768,07/20/2020,Yes,API 19,API 28,,https://archive.org/download/ultimaterobloxmobilearchive/Android/2020/ROBLOX_v2.441.408614(768)/,
2.442.409067,772,07/24/2020,Yes,API 19,API 28,,https://archive.org/download/ultimaterobloxmobilearchive/Android/2020/ROBLOX_v2.442.409067(772)/,
2.442.409372,775,07/30/2020,Yes,API 19,API 28,,https://archive.org/download/ultimaterobloxmobilearchive/Android/2020/ROBLOX_v2.442.409372(775)/,
2.443.409841,781,08/12/2020,Yes,API 19,API 28,,https://archive.org/download/ultimaterobloxmobilearchive/Android/2020/ROBLOX_v2.443.409841(781)/,
2.444.410148,787,08/18/2020,Yes,API 19,API 28,,https://archive.org/download/ultimaterobloxmobilearchive/Android/2020/ROBLOX_v2.444.410148(787)/,
2.445.410643,793,08/27/2020,Yes,API 19,API 28,,https://archive.org/download/ultimaterobloxmobilearchive/Android/2020/ROBLOX_v2.445.410643(793)/,
2.447.410975,796,09/10/2020,Yes,API 19,API 28,,https://archive.org/download/ultimaterobloxmobilearchive/Android/2020/ROBLOX_v2.447.410975(796)/,
2.448.411159,799,09/15/2020,Yes,API 19,API 29,,https://archive.org/download/ultimaterobloxmobilearchive/Android/2020/ROBLOX_v2.448.411159(799)/,
2.449.411731,805,09/23/2020,Yes,API 19,API 29,,https://archive.org/download/ultimaterobloxmobilearchive/Android/2020/ROBLOX_v2.449.411731(805)/,
2.450.411874,811,09/24/2020,Yes,API 19,API 29,,https://archive.org/download/ultimaterobloxmobilearchive/Android/2020/ROBLOX_v2.450.411874(811)/,
2.451.412334,814,10/01/2020,Yes,API 19,API 29,,https://archive.org/download/ultimaterobloxmobilearchive/Android/2020/ROBLOX_v2.451.412334(814)/,
2.454.413308,832,10/26/2020,Yes,API 19,API 29,,https://archive.org/download/ultimaterobloxmobilearchive/Android/2020/ROBLOX_v2.454.413308(832)/,
2.455.413788,844,11/03/2020,Yes,API 19,API 29,,https://archive.org/download/ultimaterobloxmobilearchive/Android/2020/ROBLOX_v2.455.413788(844)/,
2.457.414557,856,11/16/2020,Yes,API 19,API 29,,https://archive.org/download/ultimaterobloxmobilearchive/Android/2020/ROBLOX_v2.457.414557(856)/,
2.458.415263,868,11/30/2020,Yes,API 19,API 29,,https://archive.org/download/ultimaterobloxmobilearchive/Android/2020/ROBLOX_v2.458.415263(868)/,
2.459.415955,880,12/10/2020,Yes,API 19,API 29,,https://archive.org/download/ultimaterobloxmobilearchive/Android/2020/ROBLOX_v2.459.415955(880)/,
2.460.416177,883,12/17/2020,Yes,API 19,API 29,,https://archive.org/download/ultimaterobloxmobilearchive/Android/2021/ROBLOX_v2.460.416177(883)/,
2.461.416397,886,01/07/2021,Yes,API 19,API 29,,https://archive.org/download/ultimaterobloxmobilearchive/Android/2021/ROBLOX_v2.461.416397(886)/,
2.462.416719,889,01/14/2021,Yes,API 19,API 29,,https://archive.org/download/ultimaterobloxmobilearchive/Android/2021/ROBLOX_v2.462.416719(889)/,
2.463.417004,892,01/21/2021,Yes,API 19,API 29,,https://archive.org/download/ultimaterobloxmobilearchive/Android/2021/ROBLOX_v2.463.417004(892)/,
2.464.417285,895,01/28/2021,Yes,API 19,API 29,,https://archive.org/download/ultimaterobloxmobilearchive/Android/2021/ROBLOX_v2.464.417285(895)/,
2.464.417592,898,02/04/2021,Yes,API 19,API 29,,https://archive.org/download/ultimaterobloxmobilearchive/Android/2021/ROBLOX_v2.464.417592(898)/,
2.463.417712,904,02/07/2021,Yes,API 19,API 29,,https://archive.org/download/ultimaterobloxmobilearchive/Android/2021/ROBLOX_v2.463.417712(904)/,
2.465.417760,907,02/08/2021,Yes,API 19,API 29,,https://archive.org/download/ultimaterobloxmobilearchive/Android/2021/ROBLOX_v2.465.417760(907)/,
2.466.418149,913,02/18/2021,Yes,API 19,API 29,,https://archive.org/download/ultimaterobloxmobilearchive/Android/2021/ROBLOX_v2.466.418149(913)/,
2.467.418182,916,02/19/2021,Yes,API 19,API 29,,https://archive.org/download/ultimaterobloxmobilearchive/Android/2021/ROBLOX_v2.467.418182(916)/,
2.469.418908,925,03/05/2021,Yes,API 19,API 29,,https://archive.org/download/ultimaterobloxmobilearchive/Android/2021/ROBLOX_v2.469.418908(925)/,
2.469.419180,928,03/12/2021,Yes,API 19,API 29,,https://archive.org/download/ultimaterobloxmobilearchive/Android/2021/ROBLOX_v2.469.419180(928)/,
2.470.419211,931,03/16/2021,Yes,API 19,API 29,,https://archive.org/download/ultimaterobloxmobilearchive/Android/2021/ROBLOX_v2.470.419211(931)/,
2.471.419833,943,03/25/2021,Yes,API 19,API 29,,https://archive.org/download/ultimaterobloxmobilearchive/Android/2021/ROBLOX_v2.471.419833(943)/,
2.471.420051,946,03/29/2021,Yes,API 19,API 29,,https://archive.org/download/ultimaterobloxmobilearchive/Android/2021/ROBLOX_v2.471.420051(946)/,
2.472.420209,952,03/30/2021,Yes,API 19,API 29,,https://archive.org/download/ultimaterobloxmobilearchive/Android/2021/ROBLOX_v2.472.420209(952)/,
2.474.420553,958,04/13/2021,Yes,API 19,API 29,,https://archive.org/download/ultimaterobloxmobilearchive/Android/2021/ROBLOX_v2.474.420553(958)/,
2.474.420873,961,04/15/2021,Yes,API 19,API 29,,https://archive.org/download/ultimaterobloxmobilearchive/Android/2021/ROBLOX_v2.474.420873(961)/,
2.475.420862,964,04/16/2021,Yes,API 19,API 29,,https://archive.org/download/ultimaterobloxmobilearchive/Android/2021/ROBLOX_v2.475.420862(964)/,
2.476.421365,967,04/23/2021,Yes,API 19,API 29,,https://archive.org/download/ultimaterobloxmobilearchive/Android/2021/ROBLOX_v2.476.421365(967)/,
2.477.421716,970,05/05/2021,Yes,API 19,API 29,,https://archive.org/download/ultimaterobloxmobilearchive/Android/2021/ROBLOX_v2.477.421716(970)/,
2.478.422096,973,05/07/2021,Yes,API 19,API 29,,https://archive.org/download/ultimaterobloxmobilearchive/Android/2021/ROBLOX_v2.478.422096(973)/,
2.478.422478,976,05/13/2021,Yes,API 19,API 29,,https://archive.org/download/ultimaterobloxmobilearchive/Android/2021/ROBLOX_v2.478.422478(976)/,
2.479.422568,979,05/14/2021,Yes,API 19,API 29,,https://archive.org/download/ultimaterobloxmobilearchive/Android/2021/ROBLOX_v2.479.422568(979)/,
2.480.423050,982,05/21/2021,Yes,API 19,API 29,,https://archive.org/download/ultimaterobloxmobilearchive/Android/2021/ROBLOX_v2.480.423050(982)/,
2.481.423686,988,05/28/2021,Yes,API 19,API 29,,https://archive.org/download/ultimaterobloxmobilearchive/Android/2021/ROBLOX_v2.481.423686(988)/,
2.482.424268,997,06/07/2021,Yes,API 19,API 29,,https://archive.org/download/ultimaterobloxmobilearchive/Android/2021/ROBLOX_v2.482.424268(997)/,
2.483.425021,1009,06/16/2021,Yes,API 21,API 29,,https://archive.org/download/ultimaterobloxmobilearchive/Android/2021/ROBLOX_v2.483.425021(1009)/,
2.484.425477,1021,06/22/2021,Yes,API 21,API 29,,https://archive.org/download/ultimaterobloxmobilearchive/Android/2021/ROBLOX_v2.484.425477(1021)/,
2.485.425755,1024,06/28/2021,Yes,API 21,API 29,,https://archive.org/download/ultimaterobloxmobilearchive/Android/2021/ROBLOX_v2.485.425755(1024)/,
2.486.426194,1027,07/09/2021,Yes,API 21,API 29,,https://archive.org/download/ultimaterobloxmobilearchive/Android/2021/ROBLOX_v2.486.426194(1027)/,
2.487.426768,1033,07/16/2021,Yes,API 21,API 29,,https://archive.org/download/ultimaterobloxmobilearchive/Android/2021/ROBLOX_v2.487.426768(1033)/,
2.488.427318,1042,07/27/2021,Yes,API 21,API 29,,https://archive.org/download/ultimaterobloxmobilearchive/Android/2021/ROBLOX_v2.488.427318(1042)/,
2.490.427960,1048,08/09/2021,Yes,API 21,API 29,,https://archive.org/download/ultimaterobloxmobilearchive/Android/2021/ROBLOX_v2.490.427960(1048)/,
2.491.428447,1051,08/13/2021,Yes,API 21,API 29,,https://archive.org/download/ultimaterobloxmobilearchive/Android/2021/ROBLOX_v2.491.428447(1051)/,
2.492.428906,1057,08/23/2021,Yes,API 21,API 29,,https://archive.org/download/ultimaterobloxmobilearchive/Android/2021/ROBLOX_v2.492.428906(1057)/,
2.493.429776,1066,09/02/2021,Yes,API 21,API 29,,https://archive.org/download/ultimaterobloxmobilearchive/Android/2021/ROBLOX_v2.493.429776(1066)/,
2.494.341,1072,09/08/2021,Yes,API 21,API 29,,https://archive.org/download/ultimaterobloxmobilearchive/Android/2021/ROBLOX_v2.494.341(1072)/,
2.495.268,1078,09/14/2021,Yes,API 21,API 29,,https://archive.org/download/ultimaterobloxmobilearchive/Android/2021/ROBLOX_v2.495.268(1078)/,
2.496.343,1081,09/20/2021,Yes,API 21,API 29,,https://archive.org/download/ultimaterobloxmobilearchive/Android/2021/ROBLOX_v2.496.343(1081)/,
2.497.359,1087,09/28/2021,Yes,API 21,API 29,,https://archive.org/download/ultimaterobloxmobilearchive/Android/2021/ROBLOX_v2.497.359(1087)/,
2.498.396,1090,10/05/2021,Yes,API 21,API 29,,https://archive.org/download/ultimaterobloxmobilearchive/Android/2021/ROBLOX_v2.498.396(1090)/,
2.499.381,1093,10/08/2021,Yes,API 21,API 29,,https://archive.org/download/ultimaterobloxmobilearchive/Android/2021/ROBLOX_v2.499.381(1093)/,
2.500.373,1099,10/15/2021,Yes,API 21,API 30,,https://archive.org/download/ultimaterobloxmobilearchive/Android/2021/ROBLOX_v2.500.373(1099)/,
2.501.362,1102,10/25/2021,Yes,API 21,API 30,,https://archive.org/download/ultimaterobloxmobilearchive/Android/2021/ROBLOX_v2.501.362(1102)/,
2.503.338,1114,11/11/2021,Yes,API 21,API 30,,https://archive.org/download/ultimaterobloxmobilearchive/Android/2021/ROBLOX_v2.503.338(1114)/,
2.504.408,1117,11/15/2021,Yes,API 21,API 30,,https://archive.org/download/ultimaterobloxmobilearchive/Android/2021/ROBLOX_v2.504.408(1117)/,
2.505.418,1120,11/18/2021,Yes,API 21,API 30,,https://archive.org/download/ultimaterobloxmobilearchive/Android/2021/ROBLOX_v2.505.418(1120)/,
2.506.608,1129,12/08/2021,Yes,API 21,API 30,,https://archive.org/download/ultimaterobloxmobilearchive/Android/2021/ROBLOX_v2.506.608(1129)/,
2.508.184,1138,01/04/2022,Yes,API 21,API 30,,https://archive.org/download/ultimaterobloxmobilearchive/Android/2022/ROBLOX_v2.508.184(1138)/,
2.509.219,1141,01/06/2022,Yes,API 21,API 30,,https://archive.org/download/ultimaterobloxmobilearchive/Android/2022/ROBLOX_v2.509.219(1141)/,
2.511.267,1150,01/24/2022,Yes,API 21,API 30,,https://archive.org/download/ultimaterobloxmobilearchive/Android/2022/ROBLOX_v2.511.267(1150)/,
2.512.415,1153,01/27/2022,Yes,API 21,API 30,,https://archive.org/download/ultimaterobloxmobilearchive/Android/2022/ROBLOX_v2.512.415(1153)/,
2.513.418,1159,02/07/2022,Yes,API 21,API 30,,https://archive.org/download/ultimaterobloxmobilearchive/Android/2022/ROBLOX_v2.513.418(1159)/,
2.513.422,1165,02/10/2022,Yes,API 21,API 30,,https://archive.org/download/ultimaterobloxmobilearchive/Android/2022/ROBLOX_v2.513.422(1165)/,
2.514.398,1174,02/14/2022,Yes,API 21,API 30,,https://archive.org/download/ultimaterobloxmobilearchive/Android/2022/ROBLOX_v2.514.398(1174)/,
2.515.376,1180,02/22/2022,Yes,API 21,API 30,,https://archive.org/download/ultimaterobloxmobilearchive/Android/2022/ROBLOX_v2.515.376(1180)/,
2.516.304,1183,02/24/2022,Yes,API 21,API 30,,https://archive.org/download/ultimaterobloxmobilearchive/Android/2022/ROBLOX_v2.516.304(1183)/,
2.518.390,1198,03/14/2022,Yes,API 21,API 30,,https://archive.org/download/ultimaterobloxmobilearchive/Android/2022/ROBLOX_v2.518.390(1198)/,
2.520.399,1213,03/25/2022,Yes,API 21,API 30,,https://archive.org/download/ultimaterobloxmobilearchive/Android/2022/ROBLOX_v2.520.399(1213)/,
2.521.404,1216,04/04/2022,Yes,API 21,API 30,,https://archive.org/download/ultimaterobloxmobilearchive/Android/2022/ROBLOX_v2.521.404(1216)/,
2.522.280,1219,04/07/2022,Yes,API 21,API 30,,https://archive.org/download/ultimaterobloxmobilearchive/Android/2022/ROBLOX_v2.522.280(1219)/,
2.523.390,1228,04/19/2022,Yes,API 21,API 30,,https://archive.org/download/ultimaterobloxmobilearchive/Android/2022/ROBLOX_v2.523.390(1228)/,
2.523.392,1234,04/22/2022,Yes,API 21,API 30,,https://archive.org/download/ultimaterobloxmobilearchive/Android/2022/ROBLOX_v2.523.392(1234)/,
2.523.393,1237,04/22/2022,Yes,API 21,API 30,,https://archive.org/download/ultimaterobloxmobilearchive/Android/2022/ROBLOX_v2.523.393(1237)/,
2.524.408,1240,04/25/2022,Yes,API 21,API 30,,https://archive.org/download/ultimaterobloxmobilearchive/Android/2022/ROBLOX_v2.524.408(1240)/,
2.525.378,1246,05/03/2022,Yes,API 21,API 30,,https://archive.org/download/ultimaterobloxmobilearchive/Android/2022/ROBLOX_v2.525.378(1246)/,
2.526.426,1252,05/11/2022,Yes,API 21,API 30,,https://archive.org/download/ultimaterobloxmobilearchive/Android/2022/ROBLOX_v2.526.426(1252)/,
2.527.372,1258,05/17/2022,Yes,API 21,API 30,,https://archive.org/download/ultimaterobloxmobilearchive/Android/2022/ROBLOX_v2.527.372(1258)/,
2.528.404,1264,05/24/2022,Yes,API 21,API 30,,https://archive.org/download/ultimaterobloxmobilearchive/Android/2022/ROBLOX_v2.528.404(1264)/,
2.529.368,1267,05/31/2022,Yes,API 21,API 30,,https://archive.org/download/ultimaterobloxmobilearchive/Android/2022/ROBLOX_v2.529.368(1267)/,
2.530.290,1273,06/03/2022,Yes,API 21,API 30,,https://archive.org/download/ultimaterobloxmobilearchive/Android/2022/ROBLOX_v2.530.290(1273)/,
2.531.422,1276,06/09/2022,Yes,API 21,API 30,,https://archive.org/download/ultimaterobloxmobilearchive/Android/2022/ROBLOX_v2.531.422(1276)/,
2.532.470,1279,06/16/2022,Yes,API 21,API 30,,https://archive.org/download/ultimaterobloxmobilearchive/Android/2022/ROBLOX_v2.532.470(1279)/,
2.533.256,1285,06/27/2022,Yes,API 21,API 30,,https://archive.org/download/ultimaterobloxmobilearchive/Android/2022/ROBLOX_v2.533.256(1285)/,
2.535.277,1294,07/12/2022,Yes,API 21,API 30,,https://archive.org/download/ultimaterobloxmobilearchive/Android/2022/ROBLOX_v2.535.277(1294)/,
2.536.453,1303,07/20/2022,Yes,API 21,API 30,,https://archive.org/download/ultimaterobloxmobilearchive/Android/2022/ROBLOX_v2.536.453(1303)/,
2.536.458,1306,07/24/2022,Yes,API 21,API 30,,https://archive.org/download/ultimaterobloxmobilearchive/Android/2022/ROBLOX_v2.536.458(1306)/,
2.540.501,1318,08/14/2022,Yes,API 21,API 30,,https://archive.org/download/ultimaterobloxmobilearchive/Android/2022/ROBLOX_v2.540.501(1318)/,
2.541.422,1324,08/23/2022,Yes,API 21,API 30,,https://archive.org/download/ultimaterobloxmobilearchive/Android/2022/ROBLOX_v2.541.422(1324)/,
2.542.509,1327,08/26/2022,Yes,API 21,API 30,,https://archive.org/download/ultimaterobloxmobilearchive/Android/2022/ROBLOX_v2.542.509(1327)/,
2.543.566,1330,09/02/2022,Yes,API 21,API 30,,https://archive.org/download/ultimaterobloxmobilearchive/Android/2022/ROBLOX_v2.543.566(1330)/,
2.543.567,1339,09/14/2022,Yes,API 21,API 30,,https://archive.org/download/ultimaterobloxmobilearchive/Android/2022/ROBLOX_v2.543.567(1339)/,
2.545.432,1342,09/16/2022,Yes,API 21,API 30,,https://archive.org/download/ultimaterobloxmobilearchive/Android/2022/ROBLOX_v2.545.432(1342)/,
2.546.522,1351,09/27/2022,Yes,API 21,API 30,,https://archive.org/download/ultimaterobloxmobilearchive/Android/2022/ROBLOX_v2.546.522(1351)/,
2.547.548,1357,10/01/2022,Yes,API 21,API 30,,https://archive.org/download/ultimaterobloxmobilearchive/Android/2022/ROBLOX_v2.547.548(1357)/,
2.548.523,1360,10/11/2022,Yes,API 21,API 31,,https://archive.org/download/ultimaterobloxmobilearchive/Android/2022/ROBLOX_v2.548.523(1360)/,
2.549.632,1366,10/19/2022,Yes,API 21,API 31,,https://archive.org/download/ultimaterobloxmobilearchive/Android/2022/ROBLOX_v2.549.632(1366)/,
2.550.640,1375,10/26/2022,Yes,API 21,API 31,,https://archive.org/download/ultimaterobloxmobilearchive/Android/2022/ROBLOX_v2.550.640(1375)/,
2.551.575,1378,11/01/2022,Yes,API 21,API 31,,https://archive.org/download/ultimaterobloxmobilearchive/Android/2022/ROBLOX_v2.551.575(1378)/,
2.552.587,1384,11/08/2022,Yes,API 21,API 31,,https://archive.org/download/ultimaterobloxmobilearchive/Android/2022/ROBLOX_v2.552.587(1384)/,
2.553.620,1387,11/14/2022,Yes,API 21,API 31,,https://archive.org/download/ultimaterobloxmobilearchive/Android/2022/ROBLOX_v2.553.620(1387)/,
2.554.501,1390,11/28/2022,Yes,API 21,API 31,,https://archive.org/download/ultimaterobloxmobilearchive/Android/2022/ROBLOX_v2.554.501(1390)/,
2.555.874,1396,12/06/2022,Yes,API 21,API 31,,https://archive.org/download/ultimaterobloxmobilearchive/Android/2022/ROBLOX_v2.555.874(1396)/,
2.558.227,1402,01/09/2023,Yes,API 21,API 31,,https://archive.org/download/ultimaterobloxmobilearchive/Android/2023/ROBLOX_v2.558.227(1402)/,
2.559.373,1405,01/16/2023,Yes,API 21,API 31,,https://archive.org/download/ultimaterobloxmobilearchive/Android/2023/ROBLOX_v2.559.373(1405)/,
2.560.362,1408,01/24/2023,Yes,API 21,API 31,,https://archive.org/download/ultimaterobloxmobilearchive/Android/2023/ROBLOX_v2.560.362(1408)/,
2.561.358,1411,01/31/2023,Yes,API 21,API 31,,https://archive.org/download/ultimaterobloxmobilearchive/Android/2023/ROBLOX_v2.561.358(1411)/,
2.562.360,1414,02/07/2023,Yes,API 21,API 31,,https://archive.org/download/ultimaterobloxmobilearchive/Android/2023/ROBLOX_v2.562.360(1414)/,
2.563.390,1417,02/13/2023,Yes,API 21,API 31,,https://archive.org/download/ultimaterobloxmobilearchive/Android/2023/ROBLOX_v2.563.390(1417)/,
2.564.444,1423,02/22/2023,Yes,API 21,API 31,,https://archive.org/download/ultimaterobloxmobilearchive/Android/2023/ROBLOX_v2.564.444(1423)/,
2.565.360,1426,02/28/2023,Yes,API 21,API 31,,https://archive.org/download/ultimaterobloxmobilearchive/Android/2023/ROBLOX_v2.565.360(1426)/,
2.566.545,1432,03/07/2023,Yes,API 21,API 31,,https://archive.org/download/ultimaterobloxmobilearchive/Android/2023/ROBLOX_v2.566.545(1432)/,
2.567.544,1435,03/13/2023,Yes,API 21,API 31,,https://archive.org/download/ultimaterobloxmobilearchive/Android/2023/ROBLOX_v2.567.544(1435)/,
2.568.524,1438,03/21/2023,Yes,API 21,API 31,,https://archive.org/download/ultimaterobloxmobilearchive/Android/2023/ROBLOX_v2.568.524(1438)/,
2.570.563,1444,04/04/2023,Yes,API 21,API 31,,https://archive.org/download/ultimaterobloxmobilearchive/Android/2023/ROBLOX_v2.570.563(1444)/,
2.571.526,1447,04/11/2023,Yes,API 21,API 32,,https://archive.org/download/ultimaterobloxmobilearchive/Android/2023/ROBLOX_v2.571.526(1447)/,
2.572.482,1450,04/18/2023,Yes,API 21,API 32,,https://archive.org/download/ultimaterobloxmobilearchive/Android/2023/ROBLOX_v2.572.482(1450)/,
2.573.506,1453,04/24/2023,Yes,API 21,API 32,,https://archive.org/download/ultimaterobloxmobilearchive/Android/2023/ROBLOX_v2.573.506(1453)/,
2.574.445,1456,05/02/2023,Yes,API 21,API 32,,https://archive.org/download/ultimaterobloxmobilearchive/Android/2023/ROBLOX_v2.574.445(1456)/,
2.575.424,1462,05/09/2023,Yes,API 21,API 32,,https://archive.org/download/ultimaterobloxmobilearchive/Android/2023/ROBLOX_v2.575.424(1462)/,
2.577.506,1471,05/23/2023,Yes,API 21,API 32,,https://archive.org/download/ultimaterobloxmobilearchive/Android/2023/ROBLOX_v2.577.506(1471)/,
2.578.564,1474,05/30/2023,Yes,API 21,API 32,,https://archive.org/download/ultimaterobloxmobilearchive/Android/2023/ROBLOX_v2.578.564(1474)/,
2.581.563,1486,06/20/2023,Yes,API 21,API 33,,https://archive.org/download/ultimaterobloxmobilearchive/Android/2023/ROBLOX_v2.581.563(1486)/,
2.582.384,1489,06/27/2023,Yes,API 21,API 33,,https://archive.org/download/ultimaterobloxmobilearchive/Android/2023/ROBLOX_v2.582.384(1489)/,
2.582.400,1495,07/07/2023,Yes,API 21,API 33,,https://archive.org/download/ultimaterobloxmobilearchive/Android/2023/ROBLOX_v2.582.400(1495)/,
2.583.1069,1498,07/10/2023,Yes,API 21,API 33,,https://archive.org/download/ultimaterobloxmobilearchive/Android/2023/ROBLOX_v2.583.1069(1498)/,
2.586.0,1504,07/19/2023,Yes,API 21,API 33,,https://archive.org/download/ultimaterobloxmobilearchive/Android/2023/ROBLOX_v2.586.0(1504)/,
2.587.56,1505,07/24/2023,Yes,API 21,API 33,,https://archive.org/download/ultimaterobloxmobilearchive/Android/2023/ROBLOX_v2.587.56(1505)/,
2.587.58,1506,07/27/2023,Yes,API 21,API 33,,https://archive.org/download/ultimaterobloxmobilearchive/Android/2023/ROBLOX_v2.587.58(1506)/,
2.588.516,1507,07/31/2023,Yes,API 21,API 33,,https://archive.org/download/ultimaterobloxmobilearchive/Android/2023/ROBLOX_v2.588.516(1507)/,
2.589.593,1508,08/07/2023,Yes,API 21,API 33,,https://archive.org/download/ultimaterobloxmobilearchive/Android/2023/ROBLOX_v2.589.593(1508)/,
2.590.680,1510,08/15/2023,Yes,API 21,API 33,,https://archive.org/download/ultimaterobloxmobilearchive/Android/2023/ROBLOX_v2.590.680(1510)/,
2.591.634,1512,08/24/2023,Yes,API 21,API 33,,https://archive.org/download/ultimaterobloxmobilearchive/Android/2023/ROBLOX_v2.591.634(1512)/,
2.592.588,1515,08/28/2023,Yes,API 21,API 33,,https://archive.org/download/ultimaterobloxmobilearchive/Android/2023/ROBLOX_v2.592.588(1515)/,
2.593.656,1517,09/04/2023,Yes,API 21,API 33,,https://archive.org/download/ultimaterobloxmobilearchive/Android/2023/ROBLOX_v2.593.656(1517)/,
2.594.525,1518,09/11/2023,Yes,API 21,API 33,,https://archive.org/download/ultimaterobloxmobilearchive/Android/2023/ROBLOX_v2.594.525(1518)/,
2.595.541,1520,09/18/2023,Yes,API 21,API 33,,https://archive.org/download/ultimaterobloxmobilearchive/Android/2023/ROBLOX_v2.595.541(1520)/,
2.596.680,1526,09/25/2023,Yes,API 21,API 33,,https://archive.org/download/ultimaterobloxmobilearchive/Android/2023/ROBLOX_v2.596.680(1526)/,
2.597.662,1528,10/03/2023,Yes,API 21,API 33,,https://archive.org/download/ultimaterobloxmobilearchive/Android/2023/ROBLOX_v2.597.662(1528)/,
2.598.613,1530,10/09/2023,Yes,API 21,API 33,,https://archive.org/download/ultimaterobloxmobilearchive/Android/2023/ROBLOX_v2.598.613(1530)/,
2.599.465,1532,10/17/2023,Yes,API 21,API 33,,https://archive.org/download/ultimaterobloxmobilearchive/Android/2023/ROBLOX_v2.599.465(1532)/,
2.600.713,1534,10/24/2023,Yes,API 21,API 33,,https://archive.org/download/ultimaterobloxmobilearchive/Android/2023/ROBLOX_v2.600.713(1534)/,
2.601.507,1536,10/31/2023,Yes,API 21,API 33,,https://archive.org/download/ultimaterobloxmobilearchive/Android/2023/ROBLOX_v2.601.507(1536)/,
2.602.626,1542,11/07/2023,Yes,API 21,API 33,,https://archive.org/download/ultimaterobloxmobilearchive/Android/2023/ROBLOX_v2.602.626(1542)/,
2.603.563,1548,11/14/2023,Yes,API 21,API 33,,https://archive.org/download/ultimaterobloxmobilearchive/Android/2023/ROBLOX_v2.603.563(1548)/,
2.604.491,1550,11/23/2023,Yes,API 21,API 33,,https://archive.org/download/ultimaterobloxmobilearchive/Android/2023/ROBLOX_v2.604.491(1550)/,
2.605.656,1554,12/06/2023,Yes,API 21,API 33,,https://archive.org/download/ultimaterobloxmobilearchive/Android/2023/ROBLOX_v2.605.656(1554)/,
2.605.660,1558,12/09/2023,Yes,API 21,API 33,,https://archive.org/download/ultimaterobloxmobilearchive/Android/2023/ROBLOX_v2.605.660(1558)/,
2.607.548,1564,01/09/2024,Yes,API 21,API 33,,https://archive.org/download/ultimaterobloxmobilearchive/Android/2024/ROBLOX_v2.607.548(1564)/,
2.609.387,1570,01/24/2024,Yes,API 21,API 33,,https://archive.org/download/ultimaterobloxmobilearchive/Android/2024/ROBLOX_v2.609.387(1570)/,
2.610.472,1572,01/30/2024,Yes,API 21,API 33,,https://archive.org/download/ultimaterobloxmobilearchive/Android/2024/ROBLOX_v2.610.472(1572)/,
2.611.432,1576,02/06/2024,Yes,API 21,API 33,,https://archive.org/download/ultimaterobloxmobilearchive/Android/2024/ROBLOX_v2.611.432(1576)/,
2.611.435,1578,02/10/2024,Yes,API 21,API 33,,https://archive.org/download/ultimaterobloxmobilearchive/Android/2024/ROBLOX_v2.611.435(1578)/,
2.612.532,1580,02/12/2024,Yes,API 21,API 33,,https://archive.org/download/ultimaterobloxmobilearchive/Android/2024/ROBLOX_v2.612.532(1580)/,
2.613.510,1584,02/21/2024,Yes,API 21,API 33,,https://archive.org/download/ultimaterobloxmobilearchive/Android/2024/ROBLOX_v2.613.510(1584)/,
2.614.409,1586,02/27/2024,Yes,API 21,API 33,,https://archive.org/download/ultimaterobloxmobilearchive/Android/2024/ROBLOX_v2.614.409(1586)/,
2.615.606,1590,03/05/2024,Yes,API 21,API 33,,https://archive.org/download/ultimaterobloxmobilearchive/Android/2024/ROBLOX_v2.615.606(1590)/,
2.616.655,1592,03/11/2024,Yes,API 21,API 33,,https://archive.org/download/ultimaterobloxmobilearchive/Android/2024/ROBLOX_v2.616.655(1592)/,
2.617.654,1594,03/19/2024,Yes,API 21,API 33,,https://archive.org/download/ultimaterobloxmobilearchive/Android/2024/ROBLOX_v2.617.654(1594)/,
2.619.508,1598,04/03/2024,Yes,API 21,API 33,,https://archive.org/download/ultimaterobloxmobilearchive/Android/2024/ROBLOX_v2.619.508(1598)/,
2.620.463,1600,04/09/2024,Yes,API 21,API 33,,https://archive.org/download/ultimaterobloxmobilearchive/Android/2024/ROBLOX_v2.620.463(1600)/,
2.621.526,1602,04/16/2024,Yes,API 21,API 33,,https://archive.org/download/ultimaterobloxmobilearchive/Android/2024/ROBLOX_v2.621.526(1602)/,
2.621.528,1604,04/19/2024,Yes,API 21,API 33,,https://archive.org/download/ultimaterobloxmobilearchive/Android/2024/ROBLOX_v2.621.528(1604)/,
2.621.528,1608,04/24/2024,Yes,API 21,API 33,,https://archive.org/download/ultimaterobloxmobilearchive/Android/2024/ROBLOX_v2.621.528(1608)/,
2.622.471,1606,04/26/2024,Yes,API 21,API 33,,https://archive.org/download/ultimaterobloxmobilearchive/Android/2024/ROBLOX_v2.622.471(1606)/,
2.622.474,1610,05/02/2024,Yes,API 21,API 33,,https://archive.org/download/ultimaterobloxmobilearchive/Android/2024/ROBLOX_v2.622.474(1610)/,
2.622.478,1612,05/04/2024,Yes,API 21,API 33,,https://archive.org/download/ultimaterobloxmobilearchive/Android/2024/ROBLOX_v2.622.478(1612)/,
2.624.524,1616,05/07/2024,Yes,API 23,API 33,,https://archive.org/download/ultimaterobloxmobilearchive/Android/2024/ROBLOX_v2.624.524(1616)/,
2.624.525,1624,05/16/2024,Yes,API 23,API 33,,https://archive.org/download/ultimaterobloxmobilearchive/Android/2024/ROBLOX_v2.624.525(1624)/,
2.625.510,1620,05/23/2024,Yes,API 23,API 33,,https://archive.org/download/ultimaterobloxmobilearchive/Android/2024/ROBLOX_v2.625.510(1620)/,
2.627.454,1628,05/29/2024,Yes,API 23,API 33,,https://archive.org/download/ultimaterobloxmobilearchive/Android/2024/ROBLOX_v2.627.454(1628)/,
2.628.388,1630,06/04/2024,Yes,API 23,API 34,,https://archive.org/download/ultimaterobloxmobilearchive/Android/2024/ROBLOX_v2.628.388(1630)/,
2.629.609,1632,06/12/2024,Yes,API 23,API 34,,https://archive.org/download/ultimaterobloxmobilearchive/Android/2024/ROBLOX_v2.629.609(1632)/,
2.630.554,1636,06/18/2024,Yes,API 23,API 34,,https://archive.org/download/ultimaterobloxmobilearchive/Android/2024/ROBLOX_v2.630.554(1636)/,
2.630.557,1640,06/25/2024,Yes,API 23,API 34,,https://archive.org/download/ultimaterobloxmobilearchive/Android/2024/ROBLOX_v2.630.557(1640)/,
2.631.472,1644,07/03/2024,Yes,API 23,API 34,,https://archive.org/download/ultimaterobloxmobilearchive/Android/2024/ROBLOX_v2.631.472(1644)/,
2.633.513,1648,07/09/2024,Yes,API 23,API 34,,https://archive.org/download/ultimaterobloxmobilearchive/Android/2024/ROBLOX_v2.633.513(1648)/,
2.634.417,1650,07/15/2024,Yes,API 23,API 34,,https://archive.org/download/ultimaterobloxmobilearchive/Android/2024/ROBLOX_v2.634.417(1650)/,
2.635.590,1654,07/24/2024,Yes,API 23,API 34,First build with x86_64 split,https://archive.org/download/ultimaterobloxmobilearchive/Android/2024/ROBLOX_v2.635.590(1654)/,
2.636.625,1658,07/30/2024,Yes,API 23,API 34,,https://archive.org/download/ultimaterobloxmobilearchive/Android/2024/ROBLOX_v2.636.625(1658)/,
2.636.626,1660,08/01/2024,Yes,API 23,API 34,,https://archive.org/download/ultimaterobloxmobilearchive/Android/2024/ROBLOX_v2.636.626(1660)/,
2.637.730,1664,08/08/2024,Yes,API 23,API 34,,https://archive.org/download/ultimaterobloxmobilearchive/Android/2024/ROBLOX_v2.637.730(1664)/,
2.638.610,1666,08/13/2024,Yes,API 23,API 34,,https://archive.org/download/ultimaterobloxmobilearchive/Android/2024/ROBLOX_v2.638.610(1666)/,
2.639.688,1668,08/20/2024,Yes,API 23,API 34,,https://archive.org/download/ultimaterobloxmobilearchive/Android/2024/ROBLOX_v2.639.688(1668)/,
2.640.730,1670,08/28/2024,Yes,API 23,API 34,,https://archive.org/download/ultimaterobloxmobilearchive/Android/2024/ROBLOX_v2.640.730(1670)/,
2.641.737,1672,09/03/2024,Yes,API 23,API 34,,https://archive.org/download/ultimaterobloxmobilearchive/Android/2024/ROBLOX_v2.641.737(1672)/,
2.642.635,1674,09/09/2024,Yes,API 23,API 34,,https://archive.org/download/ultimaterobloxmobilearchive/Android/2024/ROBLOX_v2.642.635(1674)/,
2.644.704,1680,09/26/2024,Yes,API 23,API 34,,https://archive.org/download/ultimaterobloxmobilearchive/Android/2024/ROBLOX_v2.644.704(1680)/,
2.645.665,1682,10/01/2024,Yes,API 23,API 34,,https://archive.org/download/ultimaterobloxmobilearchive/Android/2024/ROBLOX_v2.645.665(1682)/,
2.646.701,1694,10/09/2024,Yes,API 23,API 34,,https://archive.org/download/ultimaterobloxmobilearchive/Android/2024/ROBLOX_v2.646.701(1694)/,
2.647.716,1696,10/15/2024,Yes,API 23,API 34,,https://archive.org/download/ultimaterobloxmobilearchive/Android/2024/ROBLOX_v2.647.716(1696)/,
2.648.781,1702,10/21/2024,Yes,API 23,API 34,,https://archive.org/download/ultimaterobloxmobilearchive/Android/2024/ROBLOX_v2.648.781(1702)/,
2.649.875,1706,10/27/2024,Yes,API 23,API 34,,https://archive.org/download/ultimaterobloxmobilearchive/Android/2024/ROBLOX_v2.649.875(1706)/,
2.650.742,1710,11/05/2024,Yes,API 23,API 34,,https://archive.org/download/ultimaterobloxmobilearchive/Android/2024/ROBLOX_v2.650.742(1710)/,
2.651.838,1716,11/13/2024,Yes,API 23,API 34,,https://archive.org/download/ultimaterobloxmobilearchive/Android/2024/ROBLOX_v2.651.838(1716)/,
2.651.841,1718,11/14/2024,Yes,API 23,API 34,,https://archive.org/download/ultimaterobloxmobilearchive/Android/2024/ROBLOX_v2.651.841(1718)/,
2.652.762,1722,11/19/2024,Yes,API 23,API 34,,https://archive.org/download/ultimaterobloxmobilearchive/Android/2024/ROBLOX_v2.652.762(1722)/,
2.652.765,1726,11/21/2024,Yes,API 23,API 34,,https://archive.org/download/ultimaterobloxmobilearchive/Android/2024/ROBLOX_v2.652.765(1726)/,
2.653.690,1728,11/26/2024,Yes,API 23,API 34,,https://archive.org/download/ultimaterobloxmobilearchive/Android/2024/ROBLOX_v2.653.690(1728)/,
2.654.474,1732,12/08/2024,Yes,API 23,API 34,,https://archive.org/download/ultimaterobloxmobilearchive/Android/2024/ROBLOX_v2.654.474(1732)/,
2.654.479,1734,12/11/2024,Yes,API 23,API 34,,https://archive.org/download/ultimaterobloxmobilearchive/Android/2024/ROBLOX_v2.654.479(1734)/,
2.654.474,1736,12/12/2024,Yes,API 23,API 34,,https://archive.org/download/ultimaterobloxmobilearchive/Android/2024/ROBLOX_v2.654.474(1736)/,
2.654.479,1738,12/13/2024,Yes,API 23,API 34,,https://archive.org/download/ultimaterobloxmobilearchive/Android/2024/ROBLOX_v2.654.479(1738)/,
2.655.1095,1742,01/07/2025,Yes,API 23,API 34,,https://archive.org/download/ultimaterobloxmobilearchive/Android/2025/ROBLOX_v2.655.1095(1742)/,
2.656.677,1744,01/13/2025,Yes,API 23,API 34,,https://archive.org/download/ultimaterobloxmobilearchive/Android/2025/ROBLOX_v2.656.677(1744)/,
2.657.603,1748,01/21/2025,Yes,API 23,API 34,,https://archive.org/download/ultimaterobloxmobilearchive/Android/2025/ROBLOX_v2.657.603(1748)/,
2.658.460,1750,01/28/2025,Yes,API 23,API 34,,https://archive.org/download/ultimaterobloxmobilearchive/Android/2025/ROBLOX_v2.658.460(1750)/,
2.659.473,1752,02/04/2025,Yes,API 23,API 34,,https://archive.org/download/ultimaterobloxmobilearchive/Android/2025/ROBLOX_v2.659.473(1752)/,
2.660.647,1758,02/11/2025,Yes,API 23,API 34,,https://archive.org/download/ultimaterobloxmobilearchive/Android/2025/ROBLOX_v2.660.647(1758)/,
2.661.713,1760,02/19/2025,Yes,API 23,API 34,,https://archive.org/download/ultimaterobloxmobilearchive/Android/2025/ROBLOX_v2.661.713(1760)/,
2.662.537,1762,02/25/2025,Yes,API 23,API 34,,https://archive.org/download/ultimaterobloxmobilearchive/Android/2025/ROBLOX_v2.662.537(1762)/,
2.663.659,1766,03/04/2025,Yes,API 23,API 34,,https://archive.org/download/ultimaterobloxmobilearchive/Android/2025/ROBLOX_v2.663.659(1766)/,
2.663.660,1768,03/07/2025,Yes,API 23,API 34,,https://archive.org/download/ultimaterobloxmobilearchive/Android/2025/ROBLOX_v2.663.660(1768)/,
2.664.714,1772,03/11/2025,Yes,API 23,API 34,,https://archive.org/download/ultimaterobloxmobilearchive/Android/2025/ROBLOX_v2.664.714(1772)/,
2.665.684,1776,03/18/2025,Yes,API 23,API 34,,https://archive.org/download/ultimaterobloxmobilearchive/Android/2025/ROBLOX_v2.665.684(1776)/,
2.666.609,1778,03/26/2025,Yes,API 23,API 34,,https://archive.org/download/ultimaterobloxmobilearchive/Android/2025/ROBLOX_v2.666.609(1778)/,
2.667.666,1782,04/01/2025,Yes,API 23,API 34,,https://archive.org/download/ultimaterobloxmobilearchive/Android/2025/ROBLOX_v2.667.666(1782)/,
2.667.668,1784,04/04/2025,Yes,API 23,API 34,,https://archive.org/download/ultimaterobloxmobilearchive/Android/2025/ROBLOX_v2.667.668(1784)/,
2.668.660,1786,04/08/2025,Yes,API 23,API 34,,https://archive.org/download/ultimaterobloxmobilearchive/Android/2025/ROBLOX_v2.668.660(1786)/,
2.669.660,1788,04/15/2025,Yes,API 23,API 34,,https://archive.org/download/ultimaterobloxmobilearchive/Android/2025/ROBLOX_v2.669.660(1788)/,
2.669.664,1790,04/17/2025,Yes,API 23,API 34,,https://archive.org/download/ultimaterobloxmobilearchive/Android/2025/ROBLOX_v2.669.664(1790)/,
2.670.714,1794,04/22/2025,Yes,API 23,API 34,,https://archive.org/download/com.roblox.client-1794/,
2.670.1715,1796,04/28/2025,Yes,API 23,API 34,,https://archive.org/download/com.roblox.client-1796/,
2.670.3717,1798,04/25/2025,Yes,API 23,API 34,,https://archive.org/download/com.roblox.client-1798/,
2.671.818,1800,04/30/2025,Yes,API 23,API 34,,https://archive.org/download/com.roblox.client-1800/,
2.671.1822,1804,05/03/2025,Yes,API 23,API 34,,https://archive.org/download/com.roblox.client-1804/,
2.672.706,1806,05/06/2025,Yes,API 23,API 34,,https://archive.org/download/com.roblox.client-1806/,
2.672.1708,1808,05/09/2025,Yes,API 23,API 34,,https://archive.org/download/com.roblox.client-1808/,
2.673.710,1810,05/13/2025,Yes,API 23,API 34,,https://archive.org/download/com.roblox.client-1810/,
2.673.713,1814,05/17/2025,Yes,API 23,API 34,,https://archive.org/download/com.roblox.client-1814/,"{""iconMd5"":""01a66e5176489d51aa845e1f907f9e45"",""architectures"":[""arm64-v8a"",""armeabi-v7a"",""x86-64""]}"
2.674.786,1818,05/20/2025,Yes,API 23,API 34,,https://archive.org/download/com.roblox.client-1818/,"{""iconMd5"":""01a66e5176489d51aa845e1f907f9e45"",""architectures"":[""arm64-v8a"",""armeabi-v7a"",""x86-64""]}"
2.675.715,1826,05/28/2025,Yes,API 23,API 34,,https://archive.org/download/com.roblox.client-1826/,"{""iconMd5"":""01a66e5176489d51aa845e1f907f9e45"",""architectures"":[""arm64-v8a"",""armeabi-v7a"",""x86-64""]}"
2.676.531,1830,06/03/2025,Yes,API 23,API 34,,https://archive.org/download/com.roblox.client-1830/,"{""iconMd5"":""01a66e5176489d51aa845e1f907f9e45"",""architectures"":[""arm64-v8a"",""armeabi-v7a"",""x86-64""]}"
2.677.762,1836,06/11/2025,Yes,API 23,API 34,,https://archive.org/download/com.roblox.client-1836/,"{""iconMd5"":""01a66e5176489d51aa845e1f907f9e45"",""architectures"":[""arm64-v8a"",""armeabi-v7a"",""x86-64""]}"
2.677.1763,1838,06/13/2025,Yes,API 23,API 34,,https://archive.org/download/com.roblox.client-1838/,"{""iconMd5"":""01a66e5176489d51aa845e1f907f9e45"",""architectures"":[""arm64-v8a"",""armeabi-v7a"",""x86-64""]}"
2.677.1764,1840,06/16/2025,Yes,API 23,API 34,,https://archive.org/download/com.roblox.client-1840/,"{""iconMd5"":""01a66e5176489d51aa845e1f907f9e45"",""architectures"":[""arm64-v8a"",""armeabi-v7a"",""x86-64""]}"
2.678.751,1842,06/17/2025,Yes,API 23,API 34,,https://archive.org/download/com.roblox.client-1842/,"{""iconMd5"":""01a66e5176489d51aa845e1f907f9e45"",""architectures"":[""arm64-v8a"",""armeabi-v7a"",""x86-64""]}"
2.678.1752,1844,06/23/2025,Yes,API 23,API 34,,https://archive.org/download/com.roblox.client-1844/,"{""iconMd5"":""01a66e5176489d51aa845e1f907f9e45"",""architectures"":[""arm64-v8a"",""armeabi-v7a"",""x86-64""]}"
2.679.762,1848,06/24/2025,Yes,API 23,API 34,,https://archive.org/download/com.roblox.client-1848/,"{""iconMd5"":""01a66e5176489d51aa845e1f907f9e45"",""architectures"":[""arm64-v8a"",""armeabi-v7a"",""x86-64""]}"
2.679.1763,1850,07/02/2025,Yes,API 23,API 34,,https://archive.org/download/com.roblox.client-1850/,"{""iconMd5"":""01a66e5176489d51aa845e1f907f9e45"",""architectures"":[""arm64-v8a"",""armeabi-v7a"",""x86-64""]}"
2.681.805,1854,07/09/2025,Yes,API 23,API 34,,https://archive.org/download/com.roblox.client-1854/,"{""iconMd5"":""01a66e5176489d51aa845e1f907f9e45"",""architectures"":[""arm64-v8a"",""armeabi-v7a"",""x86-64""]}"
2.682.538,1856,07/15/2025,Yes,API 23,API 34,,https://archive.org/download/com.roblox.client-1856/,"{""iconMd5"":""01a66e5176489d51aa845e1f907f9e45"",""architectures"":[""arm64-v8a"",""armeabi-v7a"",""x86-64""]}"
2.682.1541,1858,07/21/2025,Yes,API 23,API 34,,https://archive.org/download/com.roblox.client-1858/,"{""iconMd5"":""01a66e5176489d51aa845e1f907f9e45"",""architectures"":[""arm64-v8a"",""armeabi-v7a"",""x86-64""]}"
2.683.775,1860,07/22/2025,Yes,API 26,API 34,,https://archive.org/download/com.roblox.client-1860/,"{""iconMd5"":""01a66e5176489d51aa845e1f907f9e45"",""architectures"":[""arm64-v8a"",""armeabi-v7a"",""x86-64""]}"
2.684.688,1864,07/29/2025,Yes,API 26,API 34,,https://archive.org/download/com.roblox.client-1864/,"{""iconMd5"":""01a66e5176489d51aa845e1f907f9e45"",""architectures"":[""arm64-v8a"",""armeabi-v7a"",""x86-64""]}"
2.685.797,1868,08/06/2025,Yes,API 26,API 34,,https://archive.org/download/com.roblox.client-1868/,"{""iconMd5"":""01a66e5176489d51aa845e1f907f9e45"",""architectures"":[""arm64-v8a"",""armeabi-v7a"",""x86-64""]}"
2.686.866,1870,08/12/2025,Yes,API 26,API 34,,https://archive.org/download/com.roblox.client-1870/,"{""iconMd5"":""01a66e5176489d51aa845e1f907f9e45"",""architectures"":[""arm64-v8a"",""armeabi-v7a"",""x86-64""]}"
2.687.816,1872,08/19/2025,Yes,API 26,API 34,,https://archive.org/download/com.roblox.client-1872/,"{""iconMd5"":""01a66e5176489d51aa845e1f907f9e45"",""architectures"":[""arm64-v8a"",""armeabi-v7a"",""x86-64""]}"
2.688.862,1876,08/26/2025,Yes,API 26,API 34,,https://archive.org/download/com.roblox.client-1876/,"{""iconMd5"":""01a66e5176489d51aa845e1f907f9e45"",""architectures"":[""arm64-v8a"",""armeabi-v7a"",""x86-64""]}"
2.689.880,1878,09/02/2025,Yes,API 26,API 34,,https://archive.org/download/com.roblox.client-1878/,"{""iconMd5"":""01a66e5176489d51aa845e1f907f9e45"",""architectures"":[""arm64-v8a"",""armeabi-v7a"",""x86-64""]}"
2.690.721,1880,09/09/2025,Yes,API 26,API 34,,https://archive.org/download/com.roblox.client-1880/,"{""iconMd5"":""01a66e5176489d51aa845e1f907f9e45"",""architectures"":[""arm64-v8a"",""armeabi-v7a"",""x86-64""]}"