Version,Release Date,Archived?,SoftwareVersionExternalIdentifier,Minimum iOS,Notes,Link
1.0,05/23/2011,Yes,3618980,iPhoneOS 3.1.3,The first public Roblox iOS version.,https://www.mediafire.com/file/3r3d62l4iknisf1/ROBLOX+1.0+(Decrypted).ipa/file
1.1.0,08/22/2011,Yes,4028187,iOS 4.0,,https://www.mediafire.com/file/wpxz9y27furj0wf/ROBLOX+1.1.0+(Decrypted).ipa/file
1.1.1,09/07/2011,Yes,4117728,iOS 4.0,,https://www.mediafire.com/file/quoyjmeawukzaxu/ROBLOX+1.1.1+(Decrypted).ipa/file
2.1.2,10/28/2012,Yes,11566241,iOS 5.0,,https://www.mediafire.com/file/y1ml9xi04g84ttz/ROBLOX_2.1.2_%2528Decrypted%2529.ipa/file
2.2.2,11/13/2012,Yes,11845671,iOS 5.0,First version with games support (iPad only),https://www.mediafire.com/file/2hwhko0jz1egjon/ROBLOX+2.2.2+(Decrypted).ipa/file
2.3.1,12/06/2012,Yes,12292834,iOS 5.0,First version with remember password switch.,https://www.mediafire.com/file/wv074tl4a7czfmc/ROBLOX+2.3.1+(Decrypted).ipa/file
2.4.1,12/13/2012,Yes,12914633,iOS 5.0,,https://www.mediafire.com/file/8xpk7v4d5jjv05m/ROBLOX_2.4.1_%2528Decrypted%2529.ipa/file
2.5.1,01/16/2013,Yes,13322331,iOS 5.0,,https://www.mediafire.com/file/3ccuptmc1e7wlq7/ROBLOX+2.5.1+(Decrypted)+(iOS+5.0+).ipa/file
2.6.1,01/21/2013,Yes,13561642,iOS 5.0,,https://www.mediafire.com/file/8uabz4rfowse76y/ROBLOX+2.6.1+(Decrypted)+(iOS+5.0+).ipa/file
2.7.6,01/30/2013,Yes,13639870,iOS 5.0,,https://www.mediafire.com/file/px4zqssqpv1zdit/ROBLOX+2.7.6.rar/file
2.8.6,02/10/2013,Yes,13922831,iOS 5.0,,https://www.mediafire.com/file/gfra9vzk9igylf2/ROBLOX+2.8.6+(Decrypted)+(iOS+6.0+).ipa/file
2.9.6,02/15/2013,Yes,14084509,iOS 5.0,,https://www.mediafire.com/file/97dx43ft92bksyu/ROBLOX_2.9.6_%2528Decrypted%2529.ipa/file
2.10.1,02/27/2013,Yes,14296833,iOS 5.0,,https://www.mediafire.com/file/njlpbg02rjqgal4/ROBLOX+2.10.1+(Decrypted)+(iOS+5.0+).ipa/file
2.11.1,04/01/2013,Yes,14457632,iOS 5.0,,https://www.mediafire.com/file/66bo12bhpad6pig/ROBLOX_2.11.1.ipa/file
2.12.1,04/11/2013,Yes,14998911,iOS 5.0,,https://www.mediafire.com/file/nu0n4bzf247f0lm/ROBLOX_2.12.1.ipa/file
2.13.1,04/17/2013,Yes,15070254,iOS 5.0,,https://www.mediafire.com/file/l4rg9zmm9qiros7/ROBLOX_2.13.1.ipa/file
2.14.2,05/05/2013,Yes,15149016,iOS 5.0,,https://www.mediafire.com/file/h61atmk1o9d5321/ROBLOX_2.14.2.ipa/file
2.15.102,05/13/2013,Yes,15325066,iOS 5.0,,https://www.mediafire.com/file/1jkdpjio1b721v3/ROBLOX_2.15.102.ipa/file
2.16.103,05/19/2013,Yes,15409361,iOS 5.0,,https://www.mediafire.com/file/iozvhc6dztogyq4/ROBLOX_2.16.103.ipa/file
2.104.33970,05/28/2013,Yes,15458722,iOS 5.0,,https://drive.google.com/file/d/1UzrgLsRjLnnXVWgl4MlFQDC1WSvtX1pn/view?usp=sharing
2.105.34351,06/04/2013,Yes,15502357,iOS 5.0,,https://www.mediafire.com/file/jbes4qr73cvuxax/ROBLOX_2.105.34351.ipa/file
2.106.34528,06/09/2013,Yes,15556096,iOS 5.0,,https://drive.google.com/file/d/1cjoeA0Qe8pH_Nlwjb4j9fMWWV-VErWwg/view?usp=sharing
2.107.34773,06/17/2013,Yes,15605527,iOS 5.0,,https://www.mediafire.com/file/a6kyfbo9tkta4y2/ROBLOX_2.107.34773.ipa/file
2.108.35154,06/25/2013,Yes,15651008,iOS 5.0,,https://www.mediafire.com/file/r76n67wdvfj4ihi/ROBLOX_2.108.35154.ipa/file
2.109.35240,07/08/2013,Yes,15729981,iOS 5.0,,https://www.mediafire.com/file/2uvvndobuhwfjod/ROBLOX_2.109.35240.ipa/file
2.111.35666,07/18/2013,Yes,15828329,iOS 5.0,,https://www.mediafire.com/file/0z31tp2kgv4hfos/ROBLOX_2.111.35666.ipa/file
2.112.35972,07/23/2013,Yes,15882066,iOS 5.0,,https://drive.google.com/file/d/1oIamcioNJvEjfCxpqjIzmeanWQWc1oqI/view?usp=share_link
2.115.36595,08/12/2013,Yes,15934361,iOS 5.0,,https://www.mediafire.com/file/5eutd0vqh5hy6xh/ROBLOX_2.115.36595.ipa/file
2.116.36845,08/15/2013,Yes,16144244,iOS 5.0,,https://www.mediafire.com/file/p2ylec9n76d23fh/ROBLOX_2.116.36845.ipa/file
2.117.37190,08/21/2013,Yes,16393037,iOS 5.0,,https://www.mediafire.com/file/47e61vviefokyqs/ROBLOX_2.117.37190.ipa/file
2.118.37236,09/08/2013,Yes,16673915,iOS 5.0,,https://www.mediafire.com/file/syzkslsiamitfek/ROBLOX_2.118.37236.ipa/file
2.120.37929,09/17/2013,Yes,28612675,iOS 5.0,,https://www.mediafire.com/file/y81vf1767nfryke/ROBLOX_2.120.37929.ipa/file
2.121.38159,09/19/2013,Yes,45822651,iOS 5.0,,https://www.mediafire.com/file/uoyhaqrvmpa1jx4/ROBLOX_2.121.38159.ipa/file
2.121.38265,09/23/2013,Yes,51242680,iOS 5.0,,https://drive.google.com/file/d/1zhTfwkh9aXWXPF0ixpDLFMKV6f2y_gzz/view?usp=sharing
2.122.38464,09/29/2013,Yes,64162684,iOS 5.0,,https://www.mediafire.com/file/8w6w0okcxugcxh4/ROBLOX_2.122.38464.ipa/file
2.123.38776,10/07/2013,Yes,77782679,iOS 5.0,,https://www.mediafire.com/file/4llf6ahx9kidg37/ROBLOX_2.123.38776.ipa/file
2.124.39095,10/14/2013,Yes,81743789,iOS 5.0,,https://www.mediafire.com/file/plk0u6rfci1segp/ROBLOX_2.124.39095.ipa/file
2.125.39335,10/21/2013,Yes,84174985,iOS 5.0,,https://www.mediafire.com/file/7o2sf54c4n5x0rs/ROBLOX_2.125.39335.ipa/file
2.126.39527,10/29/2013,Yes,85254862,iOS 5.0,,https://www.mediafire.com/file/zfygdv5pv0aaueo/ROBLOX_2.126.39527_%2528Decrypted%2529.ipa/file
2.127.39818,11/04/2013,Yes,90172639,iOS 5.0,,https://www.mediafire.com/file/956aeo7u013lbyy/ROBLOX_2.127.39818_%2528Decrypted%2529.ipa/file
2.128.40270,11/11/2013,Yes,109132657,iOS 5.0,,https://www.mediafire.com/file/8n4f6tyv7wab9lu/ROBLOX_2.128.40270.ipa/file
2.129.40587,11/20/2013,Yes,135022640,iOS 5.0,,https://www.mediafire.com/file/bsmmvxwh3ppqtnf/ROBLOX_2.129.40587.ipa/file
2.130.40900,12/01/2013,Yes,165652634,iOS 5.0,,https://www.mediafire.com/file/vainwmm5w0vgugg/ROBLOX_2.130.40900.ipa/file
2.131.41164,12/08/2013,Yes,215342637,iOS 5.0,,https://www.mediafire.com/file/asp7z6lid945udo/ROBLOX_2.131.41164.ipa/file
2.132.41333,12/16/2013,Yes,244832672,iOS 5.0,,https://www.mediafire.com/file/8wokzmkc377hteb/Roblox+2.132.41333+(Decrypted).ipa/file
2.134.42174,01/19/2014,Yes,296672631,iOS 5.0,,https://www.mediafire.com/file/lsgtjquskrlhkdx/ROBLOX_2.134.42174.ipa/file
2.135.42584,01/28/2014,Yes,334392650,iOS 5.0,,https://drive.google.com/file/d/1nQSwXFEZ4YB8AaAuIZFKC1yz1R7duRpv/view?usp=sharing
2.136.42711,02/04/2014,Yes,348482641,iOS 5.0,,https://www.mediafire.com/file/121ddznhgy95bk7/ROBLOX_2.136.42711.ipa/file
2.136.43082,02/11/2014,Yes,369232692,iOS 5.0,,https://www.mediafire.com/file/pigkclomropg824/ROBLOX_2.136.43082.ipa/file
2.137.43469,02/17/2014,Yes,387582640,iOS 5.0,,https://www.mediafire.com/file/q3euwx43q58ukfn/ROBLOX_2.137.43469.ipa/file
2.138.43584,02/25/2014,Yes,410102636,iOS 5.0,,https://www.mediafire.com/file/rz4dety17lmthhg/ROBLOX_2.138.43584_%2528Decrypted%2529.ipa/file
2.139.43843,03/04/2014,Yes,422923059,iOS 5.0,,https://drive.google.com/file/d/1KXvpwNdksFOK3fcWsAs1uyjQydYtfeKQ/view?usp=sharing
2.140.44071,03/10/2014,Yes,446022645,iOS 5.0,,https://www.mediafire.com/file/vuwjgjmurnzh699/ROBLOX_2.140.44071.ipa/file
2.141.44305,03/17/2014,Yes,463462678,iOS 5.0,,https://www.mediafire.com/file/zctgk5n963zijv0/ROBLOX_2.141.44305.ipa/file
2.142.44504,03/25/2014,Yes,482192862,iOS 5.0,,https://www.mediafire.com/file/zc0tf8q7r3s9bxg/ROBLOX_2.142.44504.ipa/file
2.143.44717,03/31/2014,Yes,501232668,iOS 5.0,,https://www.mediafire.com/file/yshasptoo644xe2/ROBLOX_2.143.44717.ipa/file
2.144.45017,04/07/2014,Yes,521552667,iOS 5.0,,https://www.mediafire.com/file/jjavtzjej35g7qy/ROBLOX_2.144.45017.ipa/file
2.145.45304,04/13/2014,Yes,543502703,iOS 5.0,,https://www.mediafire.com/file/vx9n4fortkjt20d/ROBLOX_2.145.45304.ipa/file
2.147.45744,04/27/2014,Yes,567602639,iOS 5.0,,https://www.mediafire.com/file/5y0vhr9ez8o2i6n/ROBLOX_2.147.45744.ipa/file
2.148.45925,05/04/2014,Yes,575512727,iOS 5.0,,https://drive.google.com/file/d/1Oa1RnBJRexGXxlEKR0aDAYgqG5-qhBWi/view?usp=sharing
2.149.46203,05/09/2014,Yes,583562772,iOS 5.0,,https://www.mediafire.com/file/r68elrwxqsufhvr/ROBLOX_2.149.46203.ipa/file
2.150.46522,05/18/2014,Yes,589223143,iOS 5.0,,https://www.mediafire.com/file/ui2y7ef2yyy9fau/ROBLOX+2.150.46522+(Decrypted).ipa/file
2.151.46786,05/26/2014,Yes,591552822,iOS 5.0,,https://www.mediafire.com/file/lb6v5adg5xhkz2s/ROBLOX_2.151.46786.ipa/file
2.152.46962,06/01/2014,Yes,593882795,iOS 5.0,,https://www.mediafire.com/file/sfsks38f4axjg52/ROBLOX_2.152.46962.ipa/file
2.153.47231,06/08/2014,Yes,596432687,iOS 5.0,,https://www.mediafire.com/file/enlu2788vxgdz6g/ROBLOX_2.153.47231.ipa/file
2.154.47383,06/17/2014,Yes,601173661,iOS 5.0,,https://drive.google.com/file/d/1H-1DXnC47JmFNlbWJQ4fOW9PdYSS40lP/view?usp=sharing
2.159.48929,07/23/2014,Yes,607182660,iOS 5.0,,https://www.mediafire.com/file/00eua6q7e1wttuh/ROBLOX_2.159.48929_%2528Decrypted%2529.ipa/file
2.160.49418,07/29/2014,Yes,651054662,iOS 5.0,Counterpart to Survive the Disasters 1.160.49418,https://www.mediafire.com/file/y5wnpz1kg396sw0/ROBLOX+2.160.49418+(Decrypted).ipa/file
2.161.49588,08/05/2014,Yes,657122644,iOS 5.0,,https://www.mediafire.com/file/9xvkmhiftbrtpm7/ROBLOX_2.161.49588.ipa/file
2.162.49770,08/11/2014,Yes,662932971,iOS 5.0,,https://www.mediafire.com/file/66ksdwcojelce42/ROBLOX_2.162.49770.ipa/file
2.163.50106,08/17/2014,Yes,673062661,iOS 5.0,,https://www.mediafire.com/file/87cbiy8r3zrkfar/ROBLOX_2.163.50106.ipa/file
2.164.50577,08/20/2014,Yes,685582912,iOS 5.0,,https://www.mediafire.com/file/xltc8xqnyhwd4q5/ROBLOX_2.164.50577.ipa/file
2.165.50938,09/01/2014,Yes,693793284,iOS 5.0,,https://www.mediafire.com/file/wd1og00r75g6zpl/ROBLOX_2.165.50938.ipa/file
2.166.50996,09/11/2014,Yes,697952667,iOS 5.0,Archived with help from lunar#0012,https://drive.google.com/file/d/1HINcbed1eaWq4Rg80xFfTT2ZG04f-Elm/view?usp=sharing
2.167.51261,09/22/2014,Yes,710312674,iOS 5.0,Last version to require iOS 5.0,https://www.mediafire.com/file/ajg8lzwubo7vhyl/ROBLOX_2.167.ipa/file
2.169.52010,10/07/2014,Yes,718462828,iOS 6.0,First of only two versions to require iOS 6.0,https://www.mediafire.com/file/go65d2p0nl4n6i9/ROBLOX_2.169.ipa/file
2.172.52864,10/29/2014,Yes,747802688,iOS 6.0,Last version with old UI (skeuomorphic),https://www.mediafire.com/file/6vowjw3imv759hr/ROBLOX_2.172.52864_%2528Decrypted%2529.ipa/file
2.174.53396,11/05/2014,Yes,770174042,iOS 7.0,First version with new UI (flat),https://www.mediafire.com/file/gva0elmypujs33z/ROBLOX_2.174.ipa/file
2.176.53881,01/13/2015,Yes,784422685,iOS 7.0,,https://www.mediafire.com/file/e5j6ljal5jfvztn/ROBLOX_2.176.53881_%2528Decrypted%2529.ipa/file
2.180.55241,01/26/2015,Yes,811576221,iOS 7.0,,https://www.mediafire.com/file/lsdcmns29uupz9w/ROBLOX_2.180.ipa/file
2.183.55974,02/11/2015,Yes,811681972,iOS 7.0,,https://www.mediafire.com/file/tesw8shj6iik18k/ROBLOX_2.183.ipa/file
2.184.56182,02/22/2015,Yes,811787300,iOS 7.0,,https://www.mediafire.com/file/hel0cqzrbadws4u/ROBLOX_2.184.ipa/file
2.185.56936,03/01/2015,Yes,811856363,iOS 7.0,,https://www.mediafire.com/file/2587v1w5t49zaz3/ROBLOX_2.185.56936.ipa/file
2.185.56982,03/03/2015,Yes,811910604,iOS 7.0,"First known version with new UI, 64-bit support",https://www.mediafire.com/file/599aawo2bulmal9/ROBLOX_2.185.56982_%2528Decrypted%2529.zip/file
2.189.57438,03/23/2015,Yes,812006586,iOS 7.0,,https://drive.google.com/file/d/1AGRGg_9LQkTl4Tz5XKdfTon-mfa_yocx/view?usp=sharing
2.190.57794,04/06/2015,Yes,812085365,iOS 7.0,,https://drive.google.com/file/d/1mV6-WTyB5aDDwUXZTgRl9qDbjMPFjF2w/view?usp=sharing
2.192.58344,04/21/2015,Yes,812181612,iOS 7.0,Archived by lololobollose and sahellll on Discord,https://www.mediafire.com/file/oimndaqmeluw53z/ROBLOX+2.192.58344.ipa/file
2.196.59620,05/25/2015,Yes,812307114,iOS 7.0,,https://archive.org/download/roblox-1.1.1/2015/ROBLOX%202.196.59620.ipa
2.197.60133,06/10/2015,Yes,812556875,iOS 7.0,,https://www.mediafire.com/file/iwivb2gbu3ycd18/ROBLOX_2.197.60133_%2528Decrypted%2529.ipa/file
2.199.60486,06/21/2015,Yes,812630163,iOS 7.0,,https://archive.org/download/roblox-1.1.1/2015/ROBLOX%202.199.60486.ipa
2.203.61208,07/12/2015,Yes,812817779,iOS 7.0,,https://archive.org/download/roblox-1.1.1/2015/ROBLOX%202.203.61208.ipa
2.204.61604,07/19/2015,Yes,812851643,iOS 7.0,,https://www.mediafire.com/file/516far3pcsrqdsl/ROBLOX+2.204.61604+(Decrypted).ipa/file
2.205.61876,07/28/2015,Yes,812911944,iOS 7.0,Can connect to 7-29-2015 RCC (rcc patch required),https://www.mediafire.com/file/11iv5w603fhqs2m/ROBLOX+2.205.61876+(Decrypted).ipa/file
2.206.62132,08/04/2015,Yes,812984957,iOS 7.0,,https://archive.org/download/roblox-1.1.1/2015/ROBLOX%202.206.62132.ipa
2.207.62260,08/10/2015,Yes,813039792,iOS 7.0,,https://drive.google.com/file/d/1M9GUhKCuU84fIJXqGhT6HOayxowoMerZ/view?usp=sharing
2.209.62880,08/23/2015,Yes,813160491,iOS 7.0,,https://archive.org/download/roblox-1.1.1/2015/ROBLOX%202.209.62880.ipa
2.210.63085,09/01/2015,Yes,813213685,iOS 7.0,,https://archive.org/download/roblox-1.1.1/2015/ROBLOX%202.210.63085.ipa
2.211.63329,09/13/2015,Yes,813267687,iOS 7.0,,https://archive.org/download/roblox-1.1.1/2015/ROBLOX%202.211.63329.ipa
2.212.63487,09/20/2015,Yes,813347069,iOS 7.0,,https://archive.org/download/roblox-1.1.1/2015/ROBLOX%202.212.63487.ipa
2.213.63994,09/23/2015,Yes,813436478,iOS 7.0,,https://archive.org/download/roblox-1.1.1/2015/ROBLOX%202.213.63994.ipa
2.215.64407,10/08/2015,Yes,813614806,iOS 7.0,,https://archive.org/download/roblox-1.1.1/2015/ROBLOX%202.215.64407.ipa
2.218.65279,11/02/2015,Yes,813782654,iOS 7.0,,https://archive.org/download/roblox-1.1.1/2015/ROBLOX%202.218.65279.ipa
2.219.65545,11/15/2015,Yes,814491186,iOS 7.0,,https://drive.google.com/file/d/1UdE99oBP0kb2zPVUnh6izTQzBnLQ-EQB/view?usp=sharing
2.221.66284,11/29/2015,Yes,814736753,iOS 7.0,,https://archive.org/download/roblox-1.1.1/2015/ROBLOX%202.221.66284.ipa
2.223.66841,12/09/2015,Yes,815160253,iOS 7.0,,https://archive.org/download/roblox-1.1.1/2015/ROBLOX%202.223.66841.ipa
2.226.68062,01/20/2016,Yes,816109847,iOS 7.0,,https://archive.org/download/roblox-1.1.1/2016/ROBLOX%202.226.68062.ipa
2.228.68457,02/02/2016,Yes,816247763,iOS 7.0,,https://archive.org/download/roblox-1.1.1/2016/ROBLOX%202.228.68457.ipa
2.229.68780,02/03/2016,Yes,816360807,iOS 7.0,,https://archive.org/download/roblox-1.1.1/2016/ROBLOX%202.229.68780.ipa
2.230.68937,02/16/2016,Yes,816431405,iOS 7.0,,https://archive.org/download/roblox-1.1.1/2016/ROBLOX%202.230.68937.ipa
2.232.69914,02/29/2016,Yes,816564134,iOS 7.0,,https://archive.org/download/roblox-1.1.1/2016/ROBLOX%202.232.69914.ipa
2.233.70116,03/07/2016,Yes,816634207,iOS 7.0,,https://archive.org/download/roblox-1.1.1/2016/ROBLOX%202.233.70116.ipa
2.234.70730,03/14/2016,Yes,816703284,iOS 7.0,,https://www.mediafire.com/file/vjta4akarpqrfsi/ROBLOX_2.234.70730_%2528Decrypted%2529.ipa/file
2.238.71937,04/12/2016,Yes,816809372,iOS 7.0,,https://drive.google.com/file/d/14BMJmRWRzUIIi8uz9ucgIXfG0fBKDKoE/view?usp=sharing
2.238.72679,04/19/2016,Yes,817120382,iOS 7.0,,https://archive.org/download/roblox-1.1.1/2016/ROBLOX%202.238.72679.ipa
2.242.73572,05/09/2016,Yes,817239618,iOS 7.0,,https://archive.org/download/roblox-1.1.1/2016/ROBLOX%202.242.73572.ipa
2.243.74247,05/16/2016,Yes,817381824,iOS 7.0,,https://archive.org/download/roblox-1.1.1/2016/ROBLOX%202.243.74247.ipa
2.246.75923,06/06/2016,Yes,817510985,iOS 7.0,,https://archive.org/download/roblox-1.1.1/2016/ROBLOX%202.246.75923.ipa
2.250.74247,06/09/2016,Yes,817714508,iOS 7.0,,https://archive.org/download/roblox-1.1.1/2016/ROBLOX%202.250.74247.ipa
2.250.77601,06/30/2016,Yes,817879249,iOS 7.0,,https://archive.org/download/roblox-1.1.1/2016/ROBLOX%202.250.77601.ipa
2.251.79153,07/10/2016,Yes,817975319,iOS 7.0,,https://archive.org/download/roblox-1.1.1/2016/ROBLOX%202.251.79153.ipa
2.251.79582,07/12/2016,Yes,818116145,iOS 7.0,,https://archive.org/download/roblox-1.1.1/2016/ROBLOX%202.251.79582.ipa
2.253.80523,07/21/2016,Yes,818182024,iOS 7.0,,https://drive.google.com/file/d/1-6yT2OgjfUhsDHmuvUQpmezOozrYitjy/view?usp=sharing
2.253.81680,08/02/2016,Yes,818284521,iOS 7.0,,https://archive.org/download/roblox-1.1.1/2016/ROBLOX%202.253.81680.ipa
2.253.82297,08/04/2016,Yes,818375754,iOS 7.0,,https://archive.org/download/roblox-1.1.1/2016/ROBLOX%202.253.82297.ipa
2.257.84176,08/28/2016,Yes,818656504,iOS 7.0,,https://archive.org/download/roblox-1.1.1/2016/ROBLOX%202.257.84176.ipa
2.260.86230,09/20/2016,Yes,818880016,iOS 7.0,,https://archive.org/download/roblox-1.1.1/2016/ROBLOX%202.260.86230.ipa
2.263.88838,10/09/2016,Yes,819019754,iOS 7.0,,https://archive.org/download/roblox-1.1.1/2016/ROBLOX%202.263.88838.ipa
2.264.89370,10/13/2016,Yes,819241814,iOS 7.0,,https://archive.org/download/roblox-1.1.1/2016/ROBLOX%202.264.89370.ipa
2.265.89988,10/19/2016,Yes,819346926,iOS 7.0,,https://drive.google.com/file/d/12iPGvU2eIHvkrRscE5Sy5UlVDteY96Sb/view?usp=sharing
2.265.91736,10/27/2016,Yes,819419239,iOS 7.0,,https://archive.org/download/roblox-1.1.1/2016/ROBLOX%202.265.91736.ipa
2.267.92468,11/03/2016,Yes,819562186,iOS 7.0,,https://archive.org/download/roblox-1.1.1/2016/ROBLOX%202.267.92468.ipa
2.268.93534,11/09/2016,Yes,819684519,iOS 7.0,,https://archive.org/download/roblox-1.1.1/2016/ROBLOX%202.268.93534.ipa
2.269.94916,11/17/2016,Yes,819783571,iOS 7.0,,https://archive.org/download/roblox-1.1.1/2016/ROBLOX%202.269.94916.ipa
2.270.96141,12/04/2016,Yes,819935153,iOS 7.0,,https://drive.google.com/file/d/1XEgNGShcHRsO2ye_0adT4WnJJ3jirioX/view?usp=sharing
2.271.97392,12/08/2016,Yes,820050698,iOS 7.0,,https://archive.org/download/roblox-1.1.1/2016/ROBLOX%202.271.97392.ipa
2.274.100932,01/19/2017,Yes,820599496,iOS 8.0,,https://drive.google.com/file/d/1dqhJJFc_OjDvLREZeD0mCYcWVAoYCOuJ/view?usp=sharing
2.276.102913,02/07/2017,Yes,820653743,iOS 8.0,,https://www.mediafire.com/file/u434as80v2kh1hj/2.276.ipa/file
2.277.103968,02/12/2017,Yes,820879147,iOS 8.0,,https://www.mediafire.com/file/r0gf36l5tkkdx7d/2.277.ipa/file
2.278.104886,02/15/2017,Yes,820976708,iOS 8.0,,https://www.mediafire.com/file/g266dx9u1bqyfef/2.278.104.ipa/file
2.278.105843,02/19/2017,Yes,821013909,iOS 8.0,,https://www.mediafire.com/file/yuc58550rx1ew6z/ROBLOX_2.278.107023.ipa/file
2.278.107023,02/28/2017,Yes,821110777,iOS 8.0,,https://www.mediafire.com/file/8wz5ok249ymg4px/2.278.107.ipa/file
2.280.107170,03/05/2017,Yes,821166826,iOS 8.0,,https://drive.google.com/file/d/1gGJaVmVUHloDWaBs7BH7XAL8R0FjcX_j/view?usp=sharing
2.281.108281,03/07/2017,Yes,821231652,iOS 8.0,,https://www.mediafire.com/file/ypunbt62kl4g3xf/2.281.ipa/file
2.282.109386,03/15/2017,Yes,821337234,iOS 8.0,,https://www.mediafire.com/file/ezpokii21kfiyoh/2.282.ipa/file
2.283.111404,03/22/2017,Yes,821418886,iOS 8.0,,https://www.mediafire.com/file/kitpv2goss92ojb/2.283.ipa/file
2.284.112222,03/29/2017,Yes,821534003,iOS 8.0,,https://www.mediafire.com/file/w31q8if9wyuzaw0/2.284.ipa/file
2.285.113649,04/10/2017,Yes,821609950,iOS 8.0,,https://www.mediafire.com/file/mjf937bybxhhcvc/2.285.ipa/file
2.287.116644,04/23/2017,Yes,821795298,iOS 8.0,,https://www.mediafire.com/file/3yntuxtmox02e9q/2.287.ipa/file
2.288.119265,05/01/2017,Yes,821941400,iOS 8.0,,https://www.mediafire.com/file/ytc4co2erri571b/2.288.ipa/file
2.290.121615,05/10/2017,Yes,821994181,iOS 8.0,,https://www.mediafire.com/file/3xgke2i4zhr8pi0/2.290.ipa/file
2.291.122250,05/21/2017,Yes,822162070,iOS 8.0,,https://www.mediafire.com/file/7t2mitrlrfmtsts/2.291.ipa/file
2.292.124297,05/24/2017,Yes,822255940,iOS 8.0,,https://drive.google.com/file/d/1kXedxt6N6hwKSB6xDVL-0c2h4d4KpDv8/view?usp=sharing
2.293.126074,05/31/2017,Yes,822373080,iOS 8.0,,https://www.mediafire.com/file/glxaxb1ittfc5zv/2.293.126074.ipa/file
2.293.126451,06/01/2017,Yes,822392011,iOS 8.0,,https://www.mediafire.com/file/wsbgok7t8f30lr2/2.293.126451.ipa/file
2.294.126818,06/07/2017,Yes,822450452,iOS 8.0,,https://www.mediafire.com/file/h8ck6esvh0lj1fb/2.294.ipa/file
2.295.128490,06/14/2017,Yes,822542155,iOS 8.0,,https://www.mediafire.com/file/orbqos4eq6a5wd6/2.295.ipa/file
2.297.132847,06/27/2017,Yes,822678170,iOS 8.0,,https://www.mediafire.com/file/yey1p00c5qndabq/2.297.ipa/file
2.298.135069,07/12/2017,Yes,822860798,iOS 8.0,,https://drive.google.com/file/d/1qFpYoMncw_R82pWYxf-NFrx7kSfmygrm/view?usp=sharing
2.299.137632,07/20/2017,Yes,822942396,iOS 8.0,,https://www.mediafire.com/file/10k3v7do0w0cv5s/2.299.ipa/file
2.300.138670,07/25/2017,Yes,822993840,iOS 8.0,,https://www.mediafire.com/file/d616ynfecxcuyee/2.300.ipa/file
2.301.140216,08/01/2017,Yes,823093365,iOS 8.0,,https://www.mediafire.com/file/mxh43acrwj4f323/2.301.ipa/file
2.302.142541,08/09/2017,Yes,823236255,iOS 8.0,,https://www.mediafire.com/file/krkv9c4y90xp4i6/2.302.ipa/file
2.303.144094,08/15/2017,Yes,823316240,iOS 8.0,,https://www.mediafire.com/file/pp6frm93mjx1zqm/2.303.ipa/file
2.305.145834,08/30/2017,Yes,823400482,iOS 8.0,,https://drive.google.com/file/d/1KYzNA1HUvsmxXR_815c0G3Cuoe74EU1m/view?usp=sharing
2.306.147994,09/05/2017,Yes,823445022,iOS 8.0,,https://www.mediafire.com/file/fkegl1xj0h1l2yv/2.306.ipa/file
2.307.149105,09/13/2017,Yes,823636168,iOS 8.0,,https://www.mediafire.com/file/22ab7k2rbfad3tv/2.307.ipa/file
2.308.150864,09/27/2017,Yes,823720745,iOS 8.0,,https://www.mediafire.com/file/9h86gf1joh6a0ts/2.308.ipa/file
2.310.155249,10/15/2017,Yes,823911191,iOS 8.0,,https://www.mediafire.com/file/ds2agavho39outv/2.310.ipa/file
2.313.159574,10/25/2017,Yes,824040646,iOS 8.0,,https://www.mediafire.com/file/lyrqw885krjwxvk/2.313.ipa/file
2.314.161197,11/02/2017,Yes,824217262,iOS 8.0,,https://www.mediafire.com/file/mm7x3rbmrreg7rd/2.314.ipa/file
2.315.163096,11/09/2017,Yes,824290559,iOS 8.0,,https://drive.google.com/file/d/1rfI3dLuHl18kYuG8gnhsUNWD7J2vIXx5/view?usp=sharing
2.315.164113,11/11/2017,Yes,824370886,iOS 8.0,,https://www.mediafire.com/file/3nfudcm5x0vmy9f/2.315.ipa/file
2.316.164791,11/15/2017,Yes,824411926,iOS 8.0,,https://www.mediafire.com/file/oyfljwkanmdomdr/2.316.ipa/file
2.317.167174,11/29/2017,Yes,825009860,iOS 8.0,,https://www.mediafire.com/file/e75bcar20eqta0m/2.317.ipa/file
2.318.168780,12/06/2017,Yes,825226663,iOS 8.0,,https://www.mediafire.com/file/dickfplsw1lpo26/2.318.ipa/file
2.319.172390,01/07/2018,Yes,825502753,iOS 8.0,,https://www.mediafire.com/file/do9e5dbpdv5dxdx/2.319.ipa/file
2.320.173223,01/09/2018,Yes,825585008,iOS 8.0,,https://www.mediafire.com/file/ng17382iqvrvmd8/2.320.ipa/file
2.321.174771,01/21/2018,Yes,825697964,iOS 8.0,,https://www.mediafire.com/file/y7bzlcbw77z6qa5/2.321.ipa/file
2.323.177760,01/30/2018,Yes,825836089,iOS 8.0,,https://www.mediafire.com/file/cloag3fs1lh8h9d/2.323.ipa/file
2.324.180084,02/11/2018,Yes,825946424,iOS 8.0,,https://drive.google.com/file/d/1rfI3dLuHl18kYuG8gnhsUNWD7J2vIXx5/view?usp=sharing
2.325.181080,02/14/2018,Yes,825998247,iOS 8.0,,https://archive.org/download/ultimaterobloxmobilearchive/iOS/Roblox/2018/ROBLOX%202.325.181080.ipa
2.326.182923,02/21/2018,Yes,826062062,iOS 8.0,,https://archive.org/download/ultimaterobloxmobilearchive/iOS/Roblox/2018/ROBLOX%202.326.182923.ipa
2.327.184115,02/28/2018,Yes,826127581,iOS 8.0,,https://archive.org/download/ultimaterobloxmobilearchive/iOS/Roblox/2018/ROBLOX%202.327.184155.ipa
2.328.186191,03/07/2018,Yes,826191692,iOS 8.0,,https://archive.org/download/ultimaterobloxmobilearchive/iOS/Roblox/2018/ROBLOX%202.328.186191.ipa
2.330.189424,03/21/2018,Yes,826394879,iOS 8.0,,https://archive.org/download/ultimaterobloxmobilearchive/iOS/Roblox/2018/ROBLOX%202.330.189424.ipa
2.331.191385,03/27/2018,Yes,826473109,iOS 8.0,,https://archive.org/download/ultimaterobloxmobilearchive/iOS/Roblox/2018/ROBLOX%202.331.191385.ipa
2.332.192405,04/04/2018,Yes,826518154,iOS 8.0,,https://archive.org/download/ultimaterobloxmobilearchive/iOS/Roblox/2018/ROBLOX%202.332.192405.ipa
2.333.193867,04/10/2018,Yes,826638145,iOS 8.0,,https://archive.org/download/ultimaterobloxmobilearchive/iOS/Roblox/2018/ROBLOX%202.333.193867.ipa
2.334.196825,04/18/2018,Yes,826739088,iOS 8.0,,https://archive.org/download/ultimaterobloxmobilearchive/iOS/Roblox/2018/ROBLOX%202.334.196825.ipa
2.335.197549,04/24/2018,Yes,826811528,iOS 8.0,,https://archive.org/download/ultimaterobloxmobilearchive/iOS/Roblox/2018/ROBLOX%202.335.197549.ipa
2.336.199282,05/07/2018,Yes,826918227,iOS 8.0,,https://archive.org/download/ultimaterobloxmobilearchive/iOS/Roblox/2018/ROBLOX%202.336.199282.ipa
2.337.201523,05/13/2018,Yes,827127116,iOS 8.0,,https://archive.org/download/ultimaterobloxmobilearchive/iOS/Roblox/2018/ROBLOX%202.337.201523.ipa
2.339.206352,05/29/2018,Yes,827253395,iOS 8.0,,https://archive.org/download/ultimaterobloxmobilearchive/iOS/Roblox/2018/ROBLOX%202.339.206352.ipa
2.340.207129,06/04/2018,Yes,827403508,iOS 8.0,,https://archive.org/download/ultimaterobloxmobilearchive/iOS/Roblox/2018/ROBLOX%202.340.207129.ipa
2.341.208519,06/11/2018,Yes,827489749,iOS 8.0,,https://archive.org/download/ultimaterobloxmobilearchive/iOS/Roblox/2018/ROBLOX%202.341.208519.ipa
2.342.212340,06/17/2018,Yes,827563002,iOS 8.0,,https://archive.org/download/ultimaterobloxmobilearchive/iOS/Roblox/2018/ROBLOX%202.342.212340.ipa
2.343.213411,06/25/2018,Yes,827640610,iOS 8.0,,https://archive.org/download/ultimaterobloxmobilearchive/iOS/Roblox/2018/ROBLOX%202.343.213411.ipa
2.344.215411,07/10/2018,Yes,827729456,iOS 8.0,,https://archive.org/download/ultimaterobloxmobilearchive/iOS/Roblox/2018/ROBLOX%202.344.215411.ipa
2.345.219036,07/15/2018,Yes,827880105,iOS 8.0,,https://archive.org/download/ultimaterobloxmobilearchive/iOS/Roblox/2018/ROBLOX%202.345.219036.ipa
2.346.222214,07/22/2018,Yes,827945391,iOS 8.0,Archived by GuestDreemurr on Discord,https://www.mediafire.com/file/rj9kjn21s97ms9b/com.roblox.robloxmobile-2.346.222214.ipa/file
2.348.228302,08/06/2018,Yes,828117434,iOS 8.0,Archived by yyyyy#9380,https://www.mediafire.com/file/1bnmt62ns5z6kod/ROBLOX+2.348.228302+Decrypted.ipa/file
2.349.230330,08/12/2018,Yes,828195011,iOS 8.0,,https://archive.org/download/ultimaterobloxmobilearchive/iOS/Roblox/2018/ROBLOX%202.349.230330.ipa
2.350.231118,08/20/2018,Yes,828274089,iOS 8.0,,https://archive.org/download/ultimaterobloxmobilearchive/iOS/Roblox/2018/ROBLOX%202.350.231118.ipa
2.351.232950,08/26/2018,Yes,828350857,iOS 8.0,,https://archive.org/download/ultimaterobloxmobilearchive/iOS/Roblox/2018/ROBLOX%202.351.232950.ipa
2.352.235677,09/03/2018,Yes,828417449,iOS 8.0,,https://archive.org/download/ultimaterobloxmobilearchive/iOS/Roblox/2018/ROBLOX%202.352.235677.ipa
2.353.236588,09/09/2018,Yes,828484744,iOS 8.0,"Archived by ""aep"" on Discord",https://www.mediafire.com/file/i1kymqhyrboq8zd/ROBLOX_2.353.236588.ipa/file
2.354.238701,09/16/2018,Yes,828571415,iOS 8.0,,https://archive.org/download/ultimaterobloxmobilearchive/iOS/Roblox/2018/ROBLOX%202.354.238701.ipa
2.355.241665,09/25/2018,Yes,828685101,iOS 8.0,,https://www.mediafire.com/file/ddrk7mbg5hhzadb/ROBLOX_2.355.241665.ipa/file
2.356.243365,09/30/2018,Yes,828737785,iOS 8.0,,https://archive.org/download/ultimaterobloxmobilearchive/iOS/Roblox/2018/ROBLOX%202.356.243365.ipa
2.357.244832,10/07/2018,Yes,828838369,iOS 8.0,,https://archive.org/download/ultimaterobloxmobilearchive/iOS/Roblox/2018/ROBLOX%202.357.244832.ipa
2.358.246716,10/14/2018,Yes,828884411,iOS 8.0,,https://archive.org/download/ultimaterobloxmobilearchive/iOS/Roblox/2018/ROBLOX%202.358.246716.ipa
2.359.249529,10/21/2018,Yes,828982382,iOS 8.0,,https://www.mediafire.com/file/fv250t7qbfus6uy/2.359.ipa/file
2.360.253064,10/29/2018,Yes,829065818,iOS 8.0,,https://www.mediafire.com/file/hsax6pqd4aalj0c/Roblox+2.360.253064.ipa/file
2.362.255825,11/26/2018,Yes,829138308,iOS 8.0,,https://archive.org/download/ultimaterobloxmobilearchive/iOS/Roblox/2018/ROBLOX%202.362.255825.ipa
2.364.262407,12/05/2018,Yes,829510617,iOS 8.0,,https://archive.org/download/ultimaterobloxmobilearchive/iOS/Roblox/2018/ROBLOX%202.364.262407.ipa
2.365.265265,12/10/2018,Yes,829558030,iOS 8.0,,https://archive.org/download/ultimaterobloxmobilearchive/iOS/Roblox/2018/ROBLOX%202.365.265265.ipa
2.366.266498,12/12/2018,Yes,829610963,iOS 8.0,,https://archive.org/download/ultimaterobloxmobilearchive/iOS/Roblox/2018/ROBLOX%202.366.266498.ipa
2.366.267700,12/14/2018,Yes,829641469,iOS 8.0,,https://archive.org/download/ultimaterobloxmobilearchive/iOS/Roblox/2018/ROBLOX%202.366.267700.ipa
2.367.269925,01/14/2019,Yes,829887716,iOS 8.0,,https://www.mediafire.com/file/7p5a18r0tsaqky8/2.367.ipa/file
2.368.271345,01/21/2019,Yes,829998184,iOS 8.0,,https://www.mediafire.com/file/oeg2edjhaa31ug8/com.roblox.robloxmobile_2.368.271345.ipa/file
2.369.274489,01/29/2019,Yes,830066371,iOS 8.0,,https://www.mediafire.com/file/a5panp1vwrfkhmb/2.369.ipa/file
2.370.276837,02/05/2019,Yes,830162378,iOS 8.0,,https://www.mediafire.com/file/h7x2bahvb67mkw6/com.roblox.robloxmobile+2.370.276837.ipa/file
2.371.276568,02/11/2019,Yes,830223598,iOS 8.0,,https://www.mediafire.com/file/re8zx0oktav975x/2.371.ipa/file
2.372.278233,02/19/2019,Yes,830284455,iOS 8.0,,https://www.mediafire.com/file/d7l1muusbb41rpr/2.372.ipa/file
2.373.280591,02/25/2019,Yes,830400033,iOS 8.0,,https://www.mediafire.com/file/n9c9oz8sghlo02f/2.373.ipa/file
2.374.282978,03/01/2019,Yes,830448901,iOS 8.0,,https://www.mediafire.com/file/jsj1m43iwlb93tc/2.374.ipa/file
2.375.284048,03/13/2019,Yes,830552835,iOS 8.0,,https://www.mediafire.com/file/b7pjgkgcp1i7inn/2.375.ipa/file
2.376.286907,03/18/2019,Yes,830636176,iOS 8.0,,https://www.mediafire.com/file/yr2gm0hodea9br2/2.376.ipa/file
2.378.290628,04/03/2019,Yes,830828297,iOS 8.0,,https://www.mediafire.com/file/ou78vsdsusmkk61/Roblox+2.378.290628.ipa/file
2.379.294167,04/10/2019,Yes,830874201,iOS 8.0,,https://www.mediafire.com/file/tsyt14opujxh9po/2.379.ipa/file
2.380.294446,04/15/2019,Yes,830955019,iOS 8.0,,https://www.mediafire.com/file/7qx9pypi9iwh10x/2.380.ipa/file
2.381.295409,04/22/2019,Yes,831021922,iOS 8.0,,https://www.mediafire.com/file/m7g5u29k7qc4qtp/2.381.ipa/file
2.382.297104,04/30/2019,Yes,831137813,iOS 8.0,,https://www.mediafire.com/file/zadyu9js2k3du8q/2.382.ipa/file
2.383.299732,05/07/2019,Yes,831173208,iOS 8.0,,https://www.mediafire.com/file/5r5dr1iehjgzoys/2.383.ipa/file
2.384.302565,05/14/2019,Yes,831284001,iOS 8.0,,https://www.mediafire.com/file/e1bvnpq4ncjuuwc/2.384.ipa/file
2.385.303034,05/20/2019,Yes,831338122,iOS 8.0,,https://www.mediafire.com/file/otlkzjnhfo5zjrh/2.385.ipa/file
2.387.306142,06/03/2019,Yes,831503818,iOS 8.0,,https://www.mediafire.com/file/5vtcdyc01te0x1e/2.387.ipa/file
2.388.307917,06/11/2019,Yes,831570352,iOS 8.0,,https://www.mediafire.com/file/0f184baqkm4i9hj/2.388.ipa/file
2.389.313036,06/19/2019,Yes,831725412,iOS 8.0,,https://www.mediafire.com/file/jlvvsfpw1ovwtrx/2.389.ipa/file
2.390.312659,06/24/2019,Yes,831763487,iOS 8.0,"found by ""aep"" on discord",https://www.mediafire.com/file/nbia9qzznd7amdq/Roblox_v.2.390.312659_automatic_for_appdb_starfiles.co.ipa/file
2.392.317745,07/18/2019,Yes,831795194,iOS 8.0,credits to https://archive.org/details/@msyf700_server,https://archive.org/download/roblox-2.410.360448/Roblox%202.392.317745.ipa
2.393.319623,Unknown,Yes,832086437,iOS 8.0,,https://www.mediafire.com/file/lup77b9qnesnhy2/ROBLOX_2.393.319623.ipa/file
2.395.324413,08/05/2019,Yes,832247503,iOS 8.0,,https://www.mediafire.com/file/yf4wyc50n18qval/ROBLOX_2.395.324413.ipa/file
2.396.327208,08/12/2019,Yes,832299400,iOS 8.0,,https://www.mediafire.com/file/nmu43gvnbq4hmb6/ROBLOX_2.396.327208.ipa/file
2.397.329586,08/19/2019,Yes,832414340,iOS 8.0,,https://www.mediafire.com/file/jasvfz0uy2yaid6/ROBLOX_2.397.329586.ipa/file
2.398.332127,08/26/2019,Yes,832472766,iOS 8.0,,https://www.mediafire.com/file/v6tmrxzwsar3dju/ROBLOX_2.398.332127.ipa/file
2.399.334382,09/04/2019,Yes,832634576,iOS 8.0,,https://www.mediafire.com/file/p60n56r0nmah4nh/ROBLOX_2.399.334382.ipa/file
2.400.336387,09/09/2019,Yes,832652039,iOS 8.0,,https://www.mediafire.com/file/x0r2o4jip98yxgj/ROBLOX_2.400.336387.ipa/file
2.401.338533,09/25/2019,Yes,832813699,iOS 8.0,,https://www.mediafire.com/file/tia8kkx0shidntb/ROBLOX_2.401.338533.ipa/file
2.403.344044,10/01/2019,Yes,832930010,iOS 8.0,,https://www.mediafire.com/file/w8dx0djne3ne1kp/ROBLOX_2.403.344044.ipa/file
2.404.346082,10/08/2019,Yes,833027251,iOS 8.0,,https://www.mediafire.com/file/hn9naixruzv7coo/ROBLOX_2.404.346082.ipa/file
2.406.351423,10/22/2019,Yes,833100410,iOS 8.0,,https://www.mediafire.com/file/qyyhkhs8rnr1sft/ROBLOX_2.406.351423.ipa/file
2.407.353595,10/31/2019,Yes,833292740,iOS 8.0,,https://www.mediafire.com/file/7hozxlwzsacejiw/ROBLOX_2.407.353595.ipa/file
2.408.355772,11/04/2019,Yes,833421809,iOS 8.0,,https://www.mediafire.com/file/8vf4lmg3qmqxg9d/ROBLOX_2.408.355772.ipa/file
2.409.358770,11/11/2019,Yes,833484478,iOS 8.0,,https://www.mediafire.com/file/byowso0i5ww6e7r/ROBLOX_2.409.358770.ipa/file
2.410.360448,11/18/2019,Yes,833613237,iOS 8.0,,https://www.mediafire.com/file/wd879zfzw0fxp7j/ROBLOX_2.410.360448.ipa/file
2.411.364317,12/05/2019,Yes,833841410,iOS 8.0,,https://www.mediafire.com/file/1rafavdprspls5r/ROBLOX_2.411.364317.ipa/file
2.412.365788,12/09/2019,Yes,833907647,iOS 8.0,,https://www.mediafire.com/file/vd0kd6jdldt9pln/ROBLOX_2.412.365788.ipa/file
2.413.370504,12/18/2019,Yes,834033762,iOS 8.0,,https://www.mediafire.com/file/r4tvt0rnp2de45r/ROBLOX_2.413.370504.ipa/file
2.414.371885,01/09/2020,Yes,834087405,iOS 8.0,,https://www.mediafire.com/file/4jdys7dgswntplp/ROBLOX_2.414.371885.ipa/file
2.415.373700,01/15/2020,Yes,834351583,iOS 8.0,,https://www.mediafire.com/file/e5h8740rql6g5wc/ROBLOX_2.415.373700.ipa/file
2.416.375447,01/23/2020,Yes,834448248,iOS 8.0,,https://www.mediafire.com/file/s2b2l88fxsvmmpm/ROBLOX_2.416.375447.ipa/file
2.417.376966,01/30/2020,Yes,834519065,iOS 8.0,,https://www.mediafire.com/file/bhip60f4l38dk0a/ROBLOX_2.417.376966.ipa/file
2.418.380321,02/06/2020,Yes,834595399,iOS 8.0,,https://www.mediafire.com/file/biv2uk7algo2bhy/ROBLOX_2.418.380321.ipa/file
2.419.381237,02/13/2020,Yes,834666114,iOS 8.0,,https://www.mediafire.com/file/xz0be5kz1y4j0qs/ROBLOX_2.419.381237.ipa/file
2.421.385673,02/27/2020,Yes,834769783,iOS 8.0,,https://www.mediafire.com/file/lawwbpj4atlw5l3/ROBLOX_2.421.385673.ipa/file
2.422.387564,03/05/2020,Yes,834939971,iOS 8.0,,https://www.mediafire.com/file/p8pxf9qip40g43h/ROBLOX_2.422.387564.ipa/file
2.423.391560,03/13/2020,Yes,835080179,iOS 8.0,,https://www.mediafire.com/file/f8iul5pi5x6itof/ROBLOX_2.423.391560.ipa/file
2.424.392804,03/19/2020,Yes,835151990,iOS 8.0,,https://www.mediafire.com/file/vm0wezsvbqr4c4l/ROBLOX_2.424.392804.ipa/file
2.425.394331,03/27/2020,Yes,835251518,iOS 8.0,,https://www.mediafire.com/file/l4yf35g5p4gv3nm/ROBLOX_2.425.394331.ipa/file
2.426.397338,04/03/2020,Yes,835352908,iOS 8.0,,https://www.mediafire.com/file/v4wmm1qnxzsq7nu/ROBLOX_2.426.397338.ipa/file
2.426.397632,04/09/2020,Yes,835448833,iOS 8.0,,https://www.mediafire.com/file/6vxz7ssd4jjquvb/ROBLOX_2.426.397632.ipa/file
2.427.399257,04/14/2020,Yes,835480188,iOS 8.0,,https://www.mediafire.com/file/no4cfd1ageb0rvy/ROBLOX_2.427.399257.ipa/file
2.428.401006,04/16/2020,Yes,835546071,iOS 8.0,,https://www.mediafire.com/file/q4m773br9luy0q0/ROBLOX_2.428.401006.ipa/file
2.430.404271,04/30/2020,Yes,835640785,iOS 8.0,,https://www.mediafire.com/file/78g9ux7q89mjgpj/ROBLOX_2.430.404271.ipa/file
2.431.404520,05/07/2020,Yes,835826018,iOS 8.0,,https://www.mediafire.com/file/nyc76fb2v0dxgyq/ROBLOX_2.431.404520.ipa/file
2.434.405774,06/01/2020,Yes,836150370,iOS 8.0,,https://www.mediafire.com/file/8jtfzkax02vpggr/ROBLOX_2.434.405774.ipa/file
2.435.406105,06/04/2020,Yes,836247510,iOS 8.0,,https://www.mediafire.com/file/khtdu6mhqrbk0u3/ROBLOX_2.435.406105.ipa/file
2.436.406463,06/12/2020,Yes,836345989,iOS 8.0,,https://www.mediafire.com/file/xrjlbbf14crbada/ROBLOX_2.436.406463.ipa/file
2.437.406997,06/18/2020,Yes,836444640,iOS 8.0,,https://www.mediafire.com/file/hmeagsevftrz8bv/ROBLOX_2.437.406997.ipa/file
2.438.407206,06/29/2020,Yes,836566645,iOS 8.0,,https://www.mediafire.com/file/0ipkgvdu1r7q9ih/ROBLOX_2.438.407206.ipa/file
2.439.407706,07/13/2020,Yes,836750159,iOS 8.0,,https://www.mediafire.com/file/jhrj8r95ulik0o9/ROBLOX_2.439.407706.ipa/file
2.440.408152,07/20/2020,Yes,836846905,iOS 8.0,,https://www.mediafire.com/file/zicj54wdnay55cq/ROBLOX_2.440.408152.ipa/file
2.441.408614,07/27/2020,Yes,836950273,iOS 8.0,,https://www.mediafire.com/file/9pu1he7lkygpln8/ROBLOX_2.441.408614.ipa/file
2.442.409372,08/03/2020,Yes,837045191,iOS 8.0,,https://www.mediafire.com/file/wkl3itc6mgkqqau/ROBLOX_2.442.409372.ipa/file
2.443.409841,08/13/2020,Yes,837338581,iOS 8.0,,https://www.mediafire.com/file/lod8c9wewgch7x7/ROBLOX_2.443.409841.ipa/file
2.444.409999,08/20/2020,Yes,837399373,iOS 8.0,,https://www.mediafire.com/file/46e11cusydk47ab/ROBLOX_2.444.409999.ipa/file
2.445.410316,08/31/2020,Yes,837510158,iOS 8.0,,https://www.mediafire.com/file/vsljxxp3id5q3b3/ROBLOX_2.445.410643.ipa/file
2.447.410975,09/14/2020,Yes,837736713,iOS 8.0,,https://www.mediafire.com/file/y2zxywhzb0o1o9s/ROBLOX_2.447.410975.ipa/file
2.448.411159,09/17/2020,Yes,837801744,iOS 8.0,,https://www.mediafire.com/file/pb6rtpyh15zuxh1/ROBLOX_2.448.411159.ipa/file
2.449.411731,09/24/2020,Yes,837927630,iOS 8.0,,https://www.mediafire.com/file/n62ishbnmf2j6er/ROBLOX_2.449.411731.ipa/file
2.450.411874,10/05/2020,Yes,838049621,iOS 8.0,,https://www.mediafire.com/file/4degugmvy7oiphx/ROBLOX_2.450.411874.ipa/file
2.451.412443,10/08/2020,Yes,838114138,iOS 8.0,,https://www.mediafire.com/file/zy59fkrh2gjgp5q/ROBLOX_2.451.412443.ipa/file
2.454.413308,10/29/2020,Yes,838405221,iOS 8.0,,https://www.mediafire.com/file/anoy90d9gaukhfc/ROBLOX_2.454.413308.ipa/file
2.455.413788,11/05/2020,Yes,838527266,iOS 8.0,,https://www.mediafire.com/file/yv9nvzpb23spsis/ROBLOX_2.455.413788.ipa/file
2.457.414557,11/19/2020,Yes,839232846,iOS 8.0,,https://www.mediafire.com/file/q95drbb79g9lf95/ROBLOX_2.457.414557.ipa/file
2.458.415263,12/09/2020,Yes,839454547,iOS 8.0,,https://www.mediafire.com/file/5ftdorugygpvio3/ROBLOX_2.458.415263.ipa/file
2.459.415955,12/15/2020,Yes,839617600,iOS 8.0,,https://www.mediafire.com/file/26kod5qwn835c5r/ROBLOX_2.459.415955.ipa/file
2.460.416177,01/07/2021,Yes,839915256,iOS 8.0,,https://www.mediafire.com/file/k61x7eqrk9g3wqx/ROBLOX_2.460.416177.ipa/file
2.461.416397,01/14/2021,Yes,840012077,iOS 8.0,,https://www.mediafire.com/file/khg3ji3xerio4zd/ROBLOX_2.461.416397.ipa/file
2.462.416719,01/21/2021,Yes,840112593,iOS 8.0,,https://www.mediafire.com/file/zh5w1bbvqf6y561/ROBLOX_2.462.416719.ipa/file
2.463.417004,01/28/2021,Yes,840212824,iOS 8.0,credits to pkkf for getting it archived by the iklassika team,https://www.mediafire.com/file/ptrt2dtk7mebiz5/ROBLOX_2.463.417004_iklassika.ipa/file
2.464.417592,02/05/2021,Yes,840361653,iOS 8.0,,https://www.mediafire.com/file/bmqu3iq7azj2dnz/ROBLOX_2.464.417592.ipa/file
2.465.417621,02/11/2021,Yes,840413203,iOS 8.0,,https://www.mediafire.com/file/9xqoaza4afpr5ol/ROBLOX_2.465.417621.ipa/file
2.466.418149,02/22/2021,Yes,840543515,iOS 8.0,,https://www.mediafire.com/file/dcm2hbhasq9cgn5/Roblox+[Roblox+Corporation]+(v2.466.418149+Univ+FW+LP+os80).rc336_936.ipa/file
2.467.418331,02/25/2021,Yes,840610048,iOS 8.0,,https://www.mediafire.com/file/chsopkoyhiwnsxx/ROBLOX_2.467.418331.ipa/file
2.470.419246,03/18/2021,Yes,840907029,iOS 8.0,,https://www.mediafire.com/file/g78bxlr2o6dftdy/ROBLOX_2.470.419246.ipa/file
2.471.419833,03/26/2021,Yes,841039979,iOS 8.0,"found by ""aep"" on discord",https://www.mediafire.com/file/ktcrgyrsvqbht1k/Roblox_v.2.471.419833_%255Bstarfiles.co%255D.ipa/file
2.472.420209,04/07/2021,Yes,841146551,iOS 8.0,"found by ""aep"" on discord",https://www.mediafire.com/file/s7ub8dxuqusowta/Roblox_v.2.472.420209_%255Bstarfiles.co%255D.ipa/file
2.474.420553,04/15/2021,Yes,841334314,iOS 8.0,,https://www.mediafire.com/file/m5xnuozs5rm5ibz/ROBLOX_2.474.420553.ipa/file
2.474.420873,04/19/2021,Yes,841502732,iOS 8.0,,https://www.mediafire.com/file/fixjvs0ybiehjqe/ROBLOX_2.474.420873.ipa/file
2.475.420862,04/23/2021,Yes,841716707,iOS 8.0,,https://www.mediafire.com/file/fsbftaw0p58xpjw/Roblox_%5BRoblox_Corporation%5D_%28v2.475.420862_Univ_FW_DY_LP_os80%29.rc336_936.ipa/file
2.478.422096,05/13/2021,Yes,842070443,iOS 9.0,,https://www.mediafire.com/file/9fjmjs00z8ducp0/ROBLOX_2.478.422096.ipa/file
2.478.422478,05/18/2021,Yes,842219573,iOS 9.0,,https://www.mediafire.com/file/jlno9rqdfgsxbzz/ROBLOX_2.478.422478.ipa/file
2.479.422568,05/20/2021,Yes,842276461,iOS 9.0,,https://www.mediafire.com/file/t9c7x8gb2wef6rx/ROBLOX_2.479.422568.ipa/file
2.480.423050,05/27/2021,Yes,842354914,iOS 9.0,,https://www.mediafire.com/file/b5ibqhrsgjgrpuo/ROBLOX_2.480.423050.ipa/file
2.481.423686,06/03/2021,Yes,842472013,iOS 9.0,,https://www.mediafire.com/file/g5aqw3ld22lahyz/ROBLOX_2.481.423686.ipa/file
2.482.424268,06/10/2021,Yes,842569874,iOS 9.0,,https://www.mediafire.com/file/qc1tcyi5qul5rfg/ROBLOX_2.482.424268.ipa/file
2.483.425021,06/17/2021,Yes,842695845,iOS 9.0,,https://www.mediafire.com/file/eycf8zcumecx0x4/ROBLOX_2.483.425021.ipa/file
2.484.425477,06/25/2021,Yes,842796352,iOS 9.0,,https://www.mediafire.com/file/wca6izvuash5yht/ROBLOX_2.484.425477.ipa/file
2.485.425755,07/08/2021,Yes,842861332,iOS 9.0,,https://www.mediafire.com/file/k0s49tslk57werb/ROBLOX_2.485.425755.ipa/file
2.486.426194,07/15/2021,Yes,843080808,iOS 9.0,,https://www.mediafire.com/file/25zwzqb87rfgzbc/ROBLOX_2.486.426194.ipa/file
2.487.426768,07/22/2021,Yes,843190742,iOS 9.0,,https://www.mediafire.com/file/ye6yx4v56bq777f/ROBLOX_2.487.426768.ipa/file
2.488.427318,08/04/2021,Yes,843283768,iOS 9.0,,https://www.mediafire.com/file/yz9e4muteyv20ow/ROBLOX_2.488.427318.ipa/file
2.490.427960,08/12/2021,Yes,843540394,iOS 9.0,,https://www.mediafire.com/file/llr5vpseb4h9nx0/ROBLOX_2.490.427960.ipa/file
2.491.428447,08/19/2021,Yes,843655984,iOS 9.0,,https://www.mediafire.com/file/civ5f9y9it7hbdl/ROBLOX_2.491.428447.ipa/file
2.492.428906,08/26/2021,Yes,843746270,iOS 9.0,,https://www.mediafire.com/file/ucqxt2542o16t0b/ROBLOX_2.492.428906.ipa/file
2.493.429776,09/07/2021,Yes,843935220,iOS 9.0,,https://www.mediafire.com/file/0iqp7qq2m1oh3xt/ROBLOX_2.493.429776.ipa/file
2.494.341,09/09/2021,Yes,844028279,iOS 9.0,,https://www.mediafire.com/file/y8quvre9yp92sub/ROBLOX_2.494.341.ipa/file
2.495.268,09/20/2021,Yes,844097486,iOS 9.0,,https://www.mediafire.com/file/enar1tpk9t8qrix/ROBLOX_2.495.268.ipa/file
2.497.359,09/30/2021,Yes,844228160,iOS 9.0,,https://www.mediafire.com/file/r98sqnjajp22jhm/ROBLOX_2.497.359.ipa/file
2.498.396,10/08/2021,Yes,844499851,iOS 9.0,,https://www.mediafire.com/file/9th7kt520s3fyhl/ROBLOX_2.498.396.ipa/file
2.499.381,10/14/2021,Yes,844616008,iOS 9.0,,https://www.mediafire.com/file/s7dv73gm9xx8jpn/ROBLOX_2.499.381.ipa/file
2.500.373,10/21/2021,Yes,844797320,iOS 9.0,,https://www.mediafire.com/file/c4vbcqucv1t7tr6/ROBLOX_2.500.373.ipa/file
2.501.362,10/28/2021,No,844926356,iOS 9.0,,
2.502.362,11/04/2021,No,845099123,iOS 9.0,,
2.503.338,11/12/2021,No,845269492,iOS 9.0,,
2.504.408,11/18/2021,Yes,845357730,iOS 9.0,found by mala5951 on discord,https://www.mediafire.com/file/xkt3um9m3x49od3/roblox.ipa/file
2.505.419,12/02/2021,No,845663811,iOS 9.0,,
2.506.608,12/10/2021,No,845800654,iOS 9.0,,
2.509.219,01/13/2022,No,846549579,iOS 9.0,,
2.512.415,02/04/2022,No,846761392,iOS 9.0,,
2.513.418,02/10/2022,No,847056609,iOS 9.0,,
2.513.422,02/11/2022,No,847123155,iOS 9.0,,
2.514.398,02/17/2022,No,847180210,iOS 9.0,,
2.515.376,02/24/2022,No,847336331,iOS 9.0,,
2.516.304,03/03/2022,No,847437639,iOS 9.0,,
2.518.390,03/17/2022,Yes,847601081,iOS 9.0,,https://www.mediafire.com/file/fpihsdmywzm99pz/Roblox+2.518.390.ipa/file
2.519.431,03/24/2022,Yes,847869648,iOS 9.0,,https://www.mediafire.com/file/a5pbp4c63mg8hqv/Roblox_2.519.431.ipa/file
2.520.399,03/31/2022,Yes,847990029,iOS 9.0,,https://www.mediafire.com/file/amwkilafvob3j61/Roblox_2.520.399.ipa/file
2.521.404,04/07/2022,No,848125230,iOS 9.0,,
2.522.281,04/14/2022,No,848318491,iOS 9.0,,
2.523.387,04/21/2022,No,848445407,iOS 9.0,,
2.524.408,04/28/2022,No,848619736,iOS 9.0,,
2.525.378,05/06/2022,No,848765926,iOS 9.0,,
2.526.426,05/12/2022,No,849017795,iOS 9.0,,
2.527.372,05/19/2022,No,849172746,iOS 9.0,,
2.528.404,05/26/2022,No,849432948,iOS 9.0,,
2.529.367,06/02/2022,No,849667361,iOS 9.0,,
2.530.290,06/09/2022,No,849901042,iOS 9.0,,
2.531.422,06/16/2022,No,850145539,iOS 9.0,,
2.532.470,06/23/2022,No,850255149,iOS 9.0,,
2.533.253,06/29/2022,No,850494040,iOS 9.0,,
2.535.277,07/14/2022,No,850733233,iOS 9.0,,
2.536.453,07/24/2022,No,850986006,iOS 9.0,,
2.536.458,07/26/2022,No,851078999,iOS 9.0,,
2.538.363,08/04/2022,No,851270038,iOS 9.0,,
2.539.400,08/11/2022,No,851500060,iOS 9.0,,
2.540.501,08/18/2022,No,851606372,iOS 9.0,,
2.541.422,08/25/2022,No,851764045,iOS 9.0,,
2.542.509,09/01/2022,No,851890764,iOS 9.0,,
2.543.566,09/08/2022,No,852052125,iOS 9.0,,
2.544.300,09/16/2022,No,852184309,iOS 9.0,,
2.545.432,09/22/2022,No,852334155,iOS 9.0,,https://www.mediafire.com/file/a884ruix4bh2gq7/com.roblox.robloxmobile-2.545.432-Decrypted.ipa/file
2.546.522,09/29/2022,No,852470323,iOS 9.0,,
2.547.548,10/06/2022,No,852574408,iOS 9.0,,
2.548.523,10/13/2022,No,852719274,iOS 9.0,,
2.549.632,10/24/2022,No,852844460,iOS 9.0,,
2.550.640,10/27/2022,No,852954830,iOS 9.0,,
2.551.575,11/03/2022,No,853045149,iOS 9.0,,
2.552.587,11/15/2022,No,853219943,iOS 9.0,,
2.553.620,11/18/2022,No,853372907,iOS 9.0,,
2.554.501,12/05/2022,No,853631107,iOS 9.0,,
2.555.874,12/08/2022,No,853731468,iOS 9.0,,
2.558.227,01/12/2023,No,854245328,iOS 9.0,,
2.559.373,01/19/2023,No,854451603,iOS 9.0,,
2.560.362,01/26/2023,No,854557458,iOS 9.0,,
2.561.358,02/02/2023,Yes,854702334,iOS 9.0,found by pkkf on archive.org,https://www.mediafire.com/file/sntr7rzqxtbzkxe/ROBLOX_2.561.358.ipa/file
2.562.360,02/07/2023,Yes,854827265,iOS 9.0,,https://www.mediafire.com/file/qvaaqecvkuj51x6/Roblox_2.562.360_decrypted.ipa/file
2.563.390,02/13/2023,Yes,854965304,iOS 9.0,,https://www.mediafire.com/file/7lyoa5ycy1tpccr/Roblox_2.563.390_decrypted.ipa/file
2.564.444,02/21/2023,Yes,855104701,iOS 9.0,,https://www.mediafire.com/file/inpiz9u498p8j79/Roblox_2.564.444_decrypted.ipa/file
2.565.360,02/27/2023,Yes,855215916,iOS 9.0,,https://www.mediafire.com/file/5awvrl54nsfy9yp/Roblox_2.565.360_decrypted.ipa/file
2.566.545,03/09/2023,Yes,855371869,iOS 11.0,,https://www.mediafire.com/file/og9hib07lptd08t/Roblox_2.566.545_decrypted.ipa/file
2.566.546,3/15/2023,Yes,855516203,iOS 11.0,,https://www.mediafire.com/file/d7mr04xvzjnm472/Roblox_2.566.546_decrypted.ipa/file
2.568.524,03/23/2023,Yes,855697445,iOS 11.0,,https://www.mediafire.com/file/y6v669953m8fu78/Roblox_2.568.524_decrypted+(2).ipa/file
2.570.563,04/04/2023,Yes,855945886,iOS 11.0,,https://www.mediafire.com/file/5e5o9n9sykzgflo/Roblox_2.570.563_decrypted.ipa/file
2.571.526,4/13/2023,Yes,856257349,iOS 11.0,,https://www.mediafire.com/file/fl1q8dinrwb694q/Roblox_2.571.526_decrypted.ipa/file
2.572.482,4/20/2023,Yes,856452161,iOS 11.0,,https://www.mediafire.com/file/vgix3pr7qtcwsl7/Roblox_2.572.482_decrypted.ipa/file
2.573.506,4/27/2023,Yes,856642908,iOS 11.0,,https://www.mediafire.com/file/teo7wvhgxgcrzcv/Roblox_2.573.506_decrypted.ipa/file
2.574.445,5/4/2023,Yes,856800261,iOS 11.0,,https://www.mediafire.com/file/dcbho3fx1jagtjo/Roblox_2.574.445_decrypted.ipa/file
2.575.424,5/11/2023,Yes,856954974,iOS 11.0,,https://www.mediafire.com/file/tk0eo6jrfn0ybjs/Roblox_2.575.424_decrypted.ipa/file
2.575.425,5/18/2023,Yes,857172999,iOS 11.0,,https://www.mediafire.com/file/op4ujyuv05ag4u7/Roblox_2.575.425_decrypted.ipa/file
2.577.506,5/25/2023,Yes,857277761,iOS 11.0,,https://www.mediafire.com/file/mq9oup5wdktlhew/Roblox_2.577.506_decrypted.ipa/file
2.578.564,6/1/2023,Yes,857457925,iOS 11.0,,https://www.mediafire.com/file/ib4uvu4iykko3jl/Roblox_2.578.564_decrypted.ipa/file
2.579.402,6/16/2023,Yes,857870827,iOS 11.0,,https://github.com/Yakov5776/roblox-action-ipadown/releases/download/com.roblox.robloxmobile-431946152-857870827/com.roblox.robloxmobile-2.579.402-431946152-857870827.ipa
2.582.384,7/6/2023,Yes,857971185,iOS 11.0,,https://github.com/Yakov5776/roblox-action-ipadown/releases/download/com.roblox.robloxmobile-431946152-857971185/com.roblox.robloxmobile-2.582.384-431946152-857971185.ipa
2.582.400,7/8/2023,Yes,858310357,iOS 11.0,,https://github.com/Yakov5776/roblox-action-ipadown/releases/download/com.roblox.robloxmobile-431946152-858310357/com.roblox.robloxmobile-2.582.400-431946152-858310357.ipa
2.583.1069,Unknown,Yes,858349759,iOS 11.0,,https://www.mediafire.com/file/gm13dp31h6hjk8h/Roblox_2.583.1069_decrypted.ipa/file
2.583.1069,7/13/2023,Yes,858411506,iOS 11.0,,https://github.com/Yakov5776/roblox-action-ipadown/releases/download/com.roblox.robloxmobile-431946152-858411506/com.roblox.robloxmobile-2.583.1069-431946152-858411506.ipa
2.586.0,7/20/2023,Yes,858605578,iOS 11.0,,https://github.com/Yakov5776/roblox-action-ipadown/releases/download/com.roblox.robloxmobile-431946152-858605578/com.roblox.robloxmobile-2.586.0-431946152-858605578.ipa
2.588.516,8/7/2023,Yes,858663219,iOS 11.0,,https://github.com/Yakov5776/roblox-action-ipadown/releases/download/com.roblox.robloxmobile-431946152-858663219/com.roblox.robloxmobile-2.588.516-431946152-858663219.ipa
2.589.593,8/10/2023,Yes,859010524,iOS 11.0,,https://github.com/Yakov5776/roblox-action-ipadown/releases/download/com.roblox.robloxmobile-431946152-859010524/com.roblox.robloxmobile-2.589.593-431946152-859010524.ipa
2.590.678,8/17/2023,Yes,859162235,iOS 11.0,,https://github.com/Yakov5776/roblox-action-ipadown/releases/download/com.roblox.robloxmobile-431946152-859162235/com.roblox.robloxmobile-2.590.678-431946152-859162235.ipa
2.591.630,8/25/2023,Yes,859317104,iOS 11.0,,https://github.com/Yakov5776/roblox-action-ipadown/releases/download/com.roblox.robloxmobile-431946152-859317104/com.roblox.robloxmobile-2.591.630-431946152-859317104.ipa
2.593.657,9/7/2023,Yes,859484572,iOS 11.0,,https://github.com/Yakov5776/roblox-action-ipadown/releases/download/com.roblox.robloxmobile-431946152-859484572/com.roblox.robloxmobile-2.593.657-431946152-859484572.ipa
2.594.524,9/15/2023,Yes,859843093,iOS 11.0,,https://github.com/Yakov5776/roblox-action-ipadown/releases/download/com.roblox.robloxmobile-431946152-859843093/com.roblox.robloxmobile-2.594.524-431946152-859843093.ipa
2.598.613,10/19/2023,Yes,860314384,iOS 11.0,,https://github.com/Yakov5776/roblox-action-ipadown/releases/download/com.roblox.robloxmobile-431946152-860314384/com.roblox.robloxmobile-2.598.613-431946152-860314384.ipa
2.600.713,10/26/2023,Yes,860936963,iOS 11.0,,https://github.com/Yakov5776/roblox-action-ipadown/releases/download/com.roblox.robloxmobile-431946152-860936963/com.roblox.robloxmobile-2.600.713-431946152-860936963.ipa
2.601.508,11/3/2023,Yes,861103338,iOS 11.0,,https://github.com/Yakov5776/roblox-action-ipadown/releases/download/com.roblox.robloxmobile-431946152-861103338/com.roblox.robloxmobile-2.601.508-431946152-861103338.ipa
2.602.625,11/9/2023,Yes,861314352,iOS 11.0,,https://github.com/Yakov5776/roblox-action-ipadown/releases/download/com.roblox.robloxmobile-431946152-861314352/com.roblox.robloxmobile-2.602.625-431946152-861314352.ipa
2.603.557,11/16/2023,Yes,861457184,iOS 11.0,,https://github.com/Yakov5776/roblox-action-ipadown/releases/download/com.roblox.robloxmobile-431946152-861457184/com.roblox.robloxmobile-2.603.557-431946152-861457184.ipa
2.603.565,11/18/2023,Yes,861545788,iOS 11.0,,https://github.com/Yakov5776/roblox-action-ipadown/releases/download/com.roblox.robloxmobile-431946152-861545788/com.roblox.robloxmobile-2.603.565-431946152-861545788.ipa
2.604.491,11/30/2023,Yes,861832326,iOS 11.0,,https://github.com/Yakov5776/roblox-action-ipadown/releases/download/com.roblox.robloxmobile-431946152-861832326/com.roblox.robloxmobile-2.604.491-431946152-861832326.ipa
2.605.656,12/8/2023,Yes,862025771,iOS 11.0,,https://github.com/Yakov5776/roblox-action-ipadown/releases/download/com.roblox.robloxmobile-431946152-862025771/com.roblox.robloxmobile-2.605.656-431946152-862025771.ipa
2.605.660,12/9/2023,Yes,862091071,iOS 11.0,,https://github.com/Yakov5776/roblox-action-ipadown/releases/download/com.roblox.robloxmobile-431946152-862091071/com.roblox.robloxmobile-2.605.660-431946152-862091071.ipa
2.607.548,1/18/2024,Yes,862992262,iOS 11.0,,https://github.com/Yakov5776/roblox-action-ipadown/releases/download/com.roblox.robloxmobile-431946152-862992262/com.roblox.robloxmobile-2.607.548-431946152-862992262.ipa
2.609.387,1/26/2024,Yes,863159708,iOS 11.0,,https://github.com/Yakov5776/roblox-action-ipadown/releases/download/com.roblox.robloxmobile-431946152-863159708/com.roblox.robloxmobile-2.609.387-431946152-863159708.ipa
2.610.472,2/1/2024,Yes,863266529,iOS 11.0,,https://github.com/Yakov5776/roblox-action-ipadown/releases/download/com.roblox.robloxmobile-431946152-863266529/com.roblox.robloxmobile-2.610.472-431946152-863266529.ipa
2.611.432,2/9/2024,Yes,863460050,iOS 11.0,,https://github.com/Yakov5776/roblox-action-ipadown/releases/download/com.roblox.robloxmobile-431946152-863460050/com.roblox.robloxmobile-2.611.432-431946152-863460050.ipa
2.612.532,2/16/2024,Yes,863722193,iOS 11.0,,https://github.com/Yakov5776/roblox-action-ipadown/releases/download/com.roblox.robloxmobile-431946152-863722193/com.roblox.robloxmobile-2.612.532-431946152-863722193.ipa
2.613.510,2/23/2024,Yes,863934071,iOS 11.0,,https://github.com/Yakov5776/roblox-action-ipadown/releases/download/com.roblox.robloxmobile-431946152-863934071/com.roblox.robloxmobile-2.613.510-431946152-863934071.ipa
2.614.409,2/29/2024,Yes,864038364,iOS 11.0,,https://github.com/Yakov5776/roblox-action-ipadown/releases/download/com.roblox.robloxmobile-431946152-864038364/com.roblox.robloxmobile-2.614.409-431946152-864038364.ipa
2.615.606,3/7/2024,Yes,864206613,iOS 11.0,,https://github.com/Yakov5776/roblox-action-ipadown/releases/download/com.roblox.robloxmobile-431946152-864206613/com.roblox.robloxmobile-2.615.606-431946152-864206613.ipa
2.616.655,3/14/2024,Yes,864394569,iOS 11.0,,https://github.com/Yakov5776/roblox-action-ipadown/releases/download/com.roblox.robloxmobile-431946152-864394569/com.roblox.robloxmobile-2.616.655-431946152-864394569.ipa
2.617.655,3/21/2024,Yes,864535826,iOS 11.0,,https://github.com/Yakov5776/roblox-action-ipadown/releases/download/com.roblox.robloxmobile-431946152-864535826/com.roblox.robloxmobile-2.617.655-431946152-864535826.ipa
2.618.546,3/28/2024,Yes,864712797,iOS 11.0,,https://github.com/Yakov5776/roblox-action-ipadown/releases/download/com.roblox.robloxmobile-431946152-864712797/com.roblox.robloxmobile-2.618.546-431946152-864712797.ipa
2.619.508,4/4/2024,Yes,864919557,iOS 11.0,,https://github.com/Yakov5776/roblox-action-ipadown/releases/download/com.roblox.robloxmobile-431946152-864919557/com.roblox.robloxmobile-2.619.508-431946152-864919557.ipa
2.619.520,4/8/2024,Yes,865020198,iOS 11.0,,https://github.com/Yakov5776/roblox-action-ipadown/releases/download/com.roblox.robloxmobile-431946152-865020198/com.roblox.robloxmobile-2.619.520-431946152-865020198.ipa
2.620.463,4/15/2024,Yes,865080919,iOS 11.0,,https://github.com/Yakov5776/roblox-action-ipadown/releases/download/com.roblox.robloxmobile-431946152-865080919/com.roblox.robloxmobile-2.620.463-431946152-865080919.ipa
2.621.526,4/18/2024,Yes,865246979,iOS 11.0,,https://github.com/Yakov5776/roblox-action-ipadown/releases/download/com.roblox.robloxmobile-431946152-865246979/com.roblox.robloxmobile-2.621.526-431946152-865246979.ipa
2.622.470,4/25/2024,Yes,865434962,iOS 12.0,,https://github.com/Yakov5776/roblox-action-ipadown/releases/download/com.roblox.robloxmobile-431946152-865434962/com.roblox.robloxmobile-2.622.470-431946152-865434962.ipa
2.623.555,5/2/2024,Yes,865517138,iOS 12.0,,https://github.com/Yakov5776/roblox-action-ipadown/releases/download/com.roblox.robloxmobile-431946152-865517138/com.roblox.robloxmobile-2.623.555-431946152-865517138.ipa
2.624.519,5/9/2024,Yes,865751722,iOS 12.0,,https://github.com/Yakov5776/roblox-action-ipadown/releases/download/com.roblox.robloxmobile-431946152-865751722/com.roblox.robloxmobile-2.624.519-431946152-865751722.ipa
2.625.507,5/20/2024,Yes,865963859,iOS 12.0,,https://github.com/Yakov5776/roblox-action-ipadown/releases/download/com.roblox.robloxmobile-431946152-865963859/com.roblox.robloxmobile-2.625.507-431946152-865963859.ipa
2.627.451,5/30/2024,Yes,866286656,iOS 12.0,,https://github.com/Yakov5776/roblox-action-ipadown/releases/download/com.roblox.robloxmobile-431946152-866286656/com.roblox.robloxmobile-2.627.451-431946152-866286656.ipa
2.628.388,6/6/2024,Yes,866447492,iOS 12.0,,https://github.com/Yakov5776/roblox-action-ipadown/releases/download/com.roblox.robloxmobile-431946152-866447492/com.roblox.robloxmobile-2.628.388-431946152-866447492.ipa
2.629.609,6/13/2024,Yes,866654265,iOS 12.0,,https://github.com/Yakov5776/roblox-action-ipadown/releases/download/com.roblox.robloxmobile-431946152-866654265/com.roblox.robloxmobile-2.629.609-431946152-866654265.ipa
2.630.554,6/20/2024,Yes,866802999,iOS 12.0,,https://github.com/Yakov5776/roblox-action-ipadown/releases/download/com.roblox.robloxmobile-431946152-866802999/com.roblox.robloxmobile-2.630.554-431946152-866802999.ipa
2.630.557,6/26/2024,Yes,867008884,iOS 12.0,,https://github.com/Yakov5776/roblox-action-ipadown/releases/download/com.roblox.robloxmobile-431946152-867008884/com.roblox.robloxmobile-2.630.557-431946152-867008884.ipa
2.631.472,7/8/2024,Yes,867227854,iOS 12.0,,https://github.com/Yakov5776/roblox-action-ipadown/releases/download/com.roblox.robloxmobile-431946152-867227854/com.roblox.robloxmobile-2.631.472-431946152-867227854.ipa
2.633.513,7/11/2024,Yes,867364211,iOS 12.0,,https://github.com/Yakov5776/roblox-action-ipadown/releases/download/com.roblox.robloxmobile-431946152-867364211/com.roblox.robloxmobile-2.633.513-431946152-867364211.ipa
2.634.417,7/18/2024,Yes,867528746,iOS 12.0,,https://github.com/Yakov5776/roblox-action-ipadown/releases/download/com.roblox.robloxmobile-431946152-867528746/com.roblox.robloxmobile-2.634.417-431946152-867528746.ipa
2.635.588,7/25/2024,Yes,867710659,iOS 12.0,,https://github.com/Yakov5776/roblox-action-ipadown/releases/download/com.roblox.robloxmobile-431946152-867710659/com.roblox.robloxmobile-2.635.588-431946152-867710659.ipa
2.636.625,8/1/2024,Yes,867857427,iOS 12.0,,https://github.com/Yakov5776/roblox-action-ipadown/releases/download/com.roblox.robloxmobile-431946152-867857427/com.roblox.robloxmobile-2.636.625-431946152-867857427.ipa
2.636.626,8/2/2024,Yes,867922035,iOS 12.0,,https://github.com/Yakov5776/roblox-action-ipadown/releases/download/com.roblox.robloxmobile-431946152-867922035/com.roblox.robloxmobile-2.636.626-431946152-867922035.ipa
2.637.726,8/8/2024,Yes,868002918,iOS 12.0,,https://github.com/Yakov5776/roblox-action-ipadown/releases/download/com.roblox.robloxmobile-431946152-868002918/com.roblox.robloxmobile-2.637.726-431946152-868002918.ipa
2.638.610,8/15/2024,Yes,868187232,iOS 12.0,,https://github.com/Yakov5776/roblox-action-ipadown/releases/download/com.roblox.robloxmobile-431946152-868187232/com.roblox.robloxmobile-2.638.610-431946152-868187232.ipa
2.639.688,8/22/2024,Yes,868327140,iOS 12.0,,https://github.com/Yakov5776/roblox-action-ipadown/releases/download/com.roblox.robloxmobile-431946152-868327140/com.roblox.robloxmobile-2.639.688-431946152-868327140.ipa
2.640.730,8/29/2024,Yes,868542457,iOS 12.0,,https://github.com/Yakov5776/roblox-action-ipadown/releases/download/com.roblox.robloxmobile-431946152-868542457/com.roblox.robloxmobile-2.640.730-431946152-868542457.ipa
2.641.737,9/5/2024,Yes,868763451,iOS 12.0,,https://github.com/Yakov5776/roblox-action-ipadown/releases/download/com.roblox.robloxmobile-431946152-868763451/com.roblox.robloxmobile-2.641.737-431946152-868763451.ipa
2.642.636,Unknown,Yes,868911383,iOS 12.0,,https://www.mediafire.com/file/yki2p82u82608ze/Roblox_2.642.636_decrypted.ipa/file
2.642.637,9/12/2024,Yes,868946407,iOS 12.0,,https://www.mediafire.com/file/w4zhtn7kx600eqs/Roblox_2.642.637_decrypted+(2).ipa/file
2.644.702,9/24/2024,No,869219200,iOS 12.0,,https://www.mediafire.com/file/7izli0n2hx38ovr/Roblox_2.644.702_decrypted.ipa/file
2.645.665,10/2/2024,Yes,869440227,iOS 12.0,,https://www.mediafire.com/file/y3yugm3ga53ckug/Roblox_2.645.665_decrypted.ipa/file
2.646.699,10/20/2024,Yes,869605897,iOS 12.0,,https://github.com/Yakov5776/roblox-action-ipadown/releases/download/com.roblox.robloxmobile-431946152-869605897/com.roblox.robloxmobile-2.646.699-431946152-869605897.ipa
2.647.716,10/21/2024,Yes,869744555,iOS 12.0,,https://github.com/Yakov5776/roblox-action-ipadown/releases/download/com.roblox.robloxmobile-431946152-869744555/com.roblox.robloxmobile-2.647.716-431946152-869744555.ipa
2.649.877,10/31/2024,Yes,869904388,iOS 12.0,,https://github.com/Yakov5776/roblox-action-ipadown/releases/download/com.roblox.robloxmobile-431946152-869904388/com.roblox.robloxmobile-2.649.877-431946152-869904388.ipa
2.650.741,11/8/2024,Yes,870196782,iOS 12.0,,https://github.com/Yakov5776/roblox-action-ipadown/releases/download/com.roblox.robloxmobile-431946152-870196782/com.roblox.robloxmobile-2.650.741-431946152-870196782.ipa
2.651.836,11/15/2024,Yes,870377812,iOS 12.0,,https://github.com/Yakov5776/roblox-action-ipadown/releases/download/com.roblox.robloxmobile-431946152-870377812/com.roblox.robloxmobile-2.651.836-431946152-870377812.ipa
2.652.762,11/25/2024,Yes,870545819,iOS 12.0,,https://github.com/Yakov5776/roblox-action-ipadown/releases/download/com.roblox.robloxmobile-431946152-870545819/com.roblox.robloxmobile-2.652.762-431946152-870545819.ipa
2.654.464,12/10/2024,Yes,870709081,iOS 12.0,,https://github.com/Yakov5776/roblox-action-ipadown/releases/download/com.roblox.robloxmobile-431946152-870709081/com.roblox.robloxmobile-2.654.464-431946152-870709081.ipa
2.654.474,1/6/2025,Yes,871107725,iOS 12.0,,https://github.com/Yakov5776/roblox-action-ipadown/releases/download/com.roblox.robloxmobile-431946152-871107725/com.roblox.robloxmobile-2.654.474-431946152-871107725.ipa
2.655.1095,1/9/2025,Yes,871570371,iOS 12.0,,https://github.com/Yakov5776/roblox-action-ipadown/releases/download/com.roblox.robloxmobile-431946152-871570371/com.roblox.robloxmobile-2.655.1095-431946152-871570371.ipa
2.657.604,1/27/2025,Yes,871757629,iOS 12.0,,https://github.com/Yakov5776/roblox-action-ipadown/releases/download/com.roblox.robloxmobile-431946152-871757629/com.roblox.robloxmobile-2.657.604-431946152-871757629.ipa
2.658.460,1/30/2025,Yes,872093824,iOS 12.0,,https://github.com/Yakov5776/roblox-action-ipadown/releases/download/com.roblox.robloxmobile-431946152-872093824/com.roblox.robloxmobile-2.658.460-431946152-872093824.ipa
2.659.473,2/6/2025,Yes,872222835,iOS 12.0,,https://github.com/Yakov5776/roblox-action-ipadown/releases/download/com.roblox.robloxmobile-431946152-872222835/com.roblox.robloxmobile-2.659.473-431946152-872222835.ipa
2.660.644,2/13/2025,Yes,872392589,iOS 12.0,,https://github.com/Yakov5776/roblox-action-ipadown/releases/download/com.roblox.robloxmobile-431946152-872392589/com.roblox.robloxmobile-2.660.644-431946152-872392589.ipa
2.660.649,2/19/2025,Yes,872531406,iOS 12.0,,https://github.com/Yakov5776/roblox-action-ipadown/releases/download/com.roblox.robloxmobile-431946152-872531406/com.roblox.robloxmobile-2.660.649-431946152-872531406.ipa
2.662.536,3/4/2025,Yes,872795943,iOS 12.0,,https://github.com/Yakov5776/roblox-action-ipadown/releases/download/com.roblox.robloxmobile-431946152-872795943/com.roblox.robloxmobile-2.662.536-431946152-872795943.ipa
2.663.657,3/11/2025,Yes,872976652,iOS 12.0,,https://github.com/Yakov5776/roblox-action-ipadown/releases/download/com.roblox.robloxmobile-431946152-872976652/com.roblox.robloxmobile-2.663.657-431946152-872976652.ipa
2.664.707,3/13/2025,Yes,873161649,iOS 12.0,,https://github.com/Yakov5776/roblox-action-ipadown/releases/download/com.roblox.robloxmobile-431946152-873161649/com.roblox.robloxmobile-2.664.707-431946152-873161649.ipa
2.665.681,3/24/2025,Yes,873314308,iOS 12.0,,https://github.com/Yakov5776/roblox-action-ipadown/releases/download/com.roblox.robloxmobile-431946152-873314308/com.roblox.robloxmobile-2.665.681-431946152-873314308.ipa
2.666.608,3/28/2025,Yes,873560539,iOS 12.0,,https://github.com/Yakov5776/roblox-action-ipadown/releases/download/com.roblox.robloxmobile-431946152-873560539/com.roblox.robloxmobile-2.666.608-431946152-873560539.ipa
2.667.665,4/4/2025,Yes,873710601,iOS 12.0,,https://github.com/Yakov5776/roblox-action-ipadown/releases/download/com.roblox.robloxmobile-431946152-873710601/com.roblox.robloxmobile-2.667.665-431946152-873710601.ipa
2.667.668,4/8/2025,Yes,873795980,iOS 12.0,,https://github.com/Yakov5776/roblox-action-ipadown/releases/download/com.roblox.robloxmobile-431946152-873795980/com.roblox.robloxmobile-2.667.668-431946152-873795980.ipa
2.668.658,4/14/2025,Yes,873883118,iOS 12.0,,https://github.com/Yakov5776/roblox-action-ipadown/releases/download/com.roblox.robloxmobile-431946152-873883118/com.roblox.robloxmobile-2.668.658-431946152-873883118.ipa
2.669.657,4/17/2025,Yes,874062548,iOS 12.0,,https://github.com/Yakov5776/roblox-action-ipadown/releases/download/com.roblox.robloxmobile-431946152-874062548/com.roblox.robloxmobile-2.669.657-431946152-874062548.ipa
2.670.714,4/28/2025,Yes,874227973,iOS 12.0,,https://github.com/Yakov5776/roblox-action-ipadown/releases/download/com.roblox.robloxmobile-431946152-874227973/com.roblox.robloxmobile-2.670.714-431946152-874227973.ipa
2.672.699,5/12/2025,Yes,874433449,iOS 12.0,,https://github.com/Yakov5776/roblox-action-ipadown/releases/download/com.roblox.robloxmobile-431946152-874433449/com.roblox.robloxmobile-2.672.699-431946152-874433449.ipa
2.673.712,5/17/2025,Yes,874754287,iOS 12.0,,https://github.com/Yakov5776/roblox-action-ipadown/releases/download/com.roblox.robloxmobile-431946152-874754287/com.roblox.robloxmobile-2.673.712-431946152-874754287.ipa
2.674.782,5/23/2025,Yes,874943565,iOS 12.0,,https://github.com/Yakov5776/roblox-action-ipadown/releases/download/com.roblox.robloxmobile-431946152-874943565/com.roblox.robloxmobile-2.674.782-431946152-874943565.ipa
2.675.715,6/5/2025,Yes,875122803,iOS 12.0,,https://github.com/Yakov5776/roblox-action-ipadown/releases/download/com.roblox.robloxmobile-431946152-875122803/com.roblox.robloxmobile-2.675.715-431946152-875122803.ipa
2.677.762,6/13/2025,Yes,875511910,iOS 13.0,,https://github.com/Yakov5776/roblox-action-ipadown/releases/download/com.roblox.robloxmobile-431946152-875511910/com.roblox.robloxmobile-2.677.762-431946152-875511910.ipa
2.678.750,6/21/2025,Yes,875673142,iOS 13.0,,https://www.mediafire.com/file/mubby3m08ry5an1/Roblox_2.678.750_decrypted.ipa/file
2.679.761,7/2/2025,Yes,875894462,iOS 13.0,,https://github.com/Yakov5776/roblox-action-ipadown/releases/download/com.roblox.robloxmobile-431946152-875894462/com.roblox.robloxmobile-2.679.761-431946152-875894462.ipa
2.681.805,7/12/2025,Yes,876238723,iOS 13.0,,https://github.com/Yakov5776/roblox-action-ipadown/releases/download/com.roblox.robloxmobile-431946152-876238723/com.roblox.robloxmobile-2.681.805-431946152-876238723.ipa
2.682.536,7/18/2025,Yes,876425320,iOS 13.0,,https://github.com/Yakov5776/roblox-action-ipadown/releases/download/com.roblox.robloxmobile-431946152-876425320/com.roblox.robloxmobile-2.682.536-431946152-876425320.ipa
2.683.774,7/25/2025,Yes,876620005,iOS 13.0,,https://github.com/Yakov5776/roblox-action-ipadown/releases/download/com.roblox.robloxmobile-431946152-876620005/com.roblox.robloxmobile-2.683.774-431946152-876620005.ipa
2.684.688,8/6/2025,Yes,876718771,iOS 13.0,,https://github.com/Yakov5776/roblox-action-ipadown/releases/download/com.roblox.robloxmobile-431946152-876718771/com.roblox.robloxmobile-2.684.688-431946152-876718771.ipa
2.685.797,8/12/2025,Yes,877010277,,,
2.686.866,8/15/2025,Yes,877200574,,,
2.687.815,8/26/2025,Yes,877392043,,,
2.688.861,9/3/2025,Yes,877596137,,,